"","car_name","car_info","car_price","ad_time","car_moreInfo","car_links"
"1","Hyundai Santa Fe","2014, 2.4 L, 80 000 km","33 500 AZN","Bakı, 02.10.2022 14:17","ŞəhərBakıMarkaHyundaiModelSanta FeBuraxılış ili2014Ban növüOffroader / SUVRəngAğMühərrik2.4 LMühərrikin gücü176 a.g.Yanacaq növüBenzinYürüş80 000 kmSürətlər qutusuAvtomatÖtürücüTamYeniXeyrQiymət33 500 AZNBarter mümkündürHansı bazar üçün yığılıbAvropaYerlərin sayı5Sahiblər1VəziyyətiVuruğu yoxdur, rənglənməyib","https://turbo.az/autos/6687475-hyundai-santa-fe"
"2","Nissan Tiida","2012, 1.5 L, 45 500 km","14 900 AZN","Bakı, dünən 10:34","ŞəhərBakıMarkaNissanModelTiidaBuraxılış ili2012Ban növüHetçbekRəngQaraMühərrik1.5 LMühərrikin gücü109 a.g.Yanacaq növüBenzinYürüş45 500 kmSürətlər qutusuAvtomatÖtürücüÖnYeniXeyrQiymət14 900 AZNKreditdədirBarter mümkündürHansı bazar üçün yığılıbYaponiyaYerlərin sayı5Sahiblər1VəziyyətiVuruğu yoxdur, rənglənməyib","https://turbo.az/autos/6568273-nissan-tiida"
"3","Mercedes S 500","2014, 4.7 L, 149 000 km","59 555 $","Bakı, 10.10.2022 16:13","ŞəhərBakıMarkaMercedesModelS 500Buraxılış ili2014Ban növüSedanRəngQaraMühərrik4.7 LMühərrikin gücü455 a.g.Yanacaq növüBenzinYürüş149 000 kmSürətlər qutusuAvtomatÖtürücüArxaYeniXeyrQiymət59 555 $VəziyyətiVuruğu yoxdur, rənglənməyib","https://turbo.az/autos/6714633-mercedes-s-500"
"4","Jeep Wrangler","2022, 2.0 L, 0 km","73 000 $","Bakı, 12.10.2022 10:57","ŞəhərBakıMarkaJeepModelWranglerBuraxılış ili2022Ban növüOffroader / SUVRəngQaraMühərrik2.0 LMühərrikin gücü272 a.g.Yanacaq növüBenzinYürüş0 kmSürətlər qutusuAvtomatÖtürücüTamYeniBəliQiymət73 000 $Barter mümkündürHansı bazar üçün yığılıbRəsmi dilerYerlərin sayı4VəziyyətiVuruğu yoxdur, rənglənməyib","https://turbo.az/autos/6677949-jeep-wrangler"
"5","Toyota Prius","2012, 1.8 L, 140 000 km","21 000 AZN","Bakı, 12.10.2022 09:53","ŞəhərBakıMarkaToyotaModelPriusBuraxılış ili2012Ban növüHetçbekRəngQaraMühərrik1.8 LMühərrikin gücü99 a.g.Yanacaq növüHibridYürüş140 000 kmSürətlər qutusuVariatorÖtürücüÖnYeniXeyrQiymət21 000 AZNVəziyyətiVuruğu yoxdur, rənglənməyib","https://turbo.az/autos/6407616-toyota-prius"
"6","Opel Corsa","1995, 1.4 L, 500 000 km","5 300 AZN","Sumqayıt, dünən 13:01","ŞəhərSumqayıtMarkaOpelModelCorsaBuraxılış ili1995Ban növüHetçbekRəngGümüşüMühərrik1.4 LMühərrikin gücü90 a.g.Yanacaq növüBenzinYürüş500 000 kmSürətlər qutusuAvtomatÖtürücüÖnYeniXeyrQiymət5 300 AZNHansı bazar üçün yığılıbAvropaYerlərin sayı5Sahiblər1VəziyyətiVuruğu yoxdur, rənglənməyib","https://turbo.az/autos/6649892-opel-corsa"
"7","Hyundai Grandeur","2012, 2.4 L, 197 000 km","28 500 AZN","Bakı, 04.10.2022 09:12","ŞəhərBakıMarkaHyundaiModelGrandeurBuraxılış ili2012Ban növüSedanRəngQaraMühərrik2.4 LMühərrikin gücü179 a.g.Yanacaq növüBenzinYürüş197 000 kmSürətlər qutusuAvtomatÖtürücüÖnYeniXeyrQiymət28 500 AZNBarter mümkündürVəziyyətiVuruğu yoxdur, rənglənməyib","https://turbo.az/autos/6704285-hyundai-grandeur"
"8","BMW 528","2011, 2.0 L, 185 000 km","20 300 $","Bakı, dünən 10:41","ŞəhərBakıMarkaBMWModel528Buraxılış ili2011Ban növüSedanRəngQaraMühərrik2.0 LMühərrikin gücü245 a.g.Yanacaq növüBenzinYürüş185 000 kmSürətlər qutusuAvtomatÖtürücüArxaYeniXeyrQiymət20 300 $Yerlərin sayı5Sahiblər2VəziyyətiVuruğu yoxdur, rənglənməyib","https://turbo.az/autos/6734296-bmw-528"
"9","BMW 540","2017, 3.0 L, 44 000 km","67 000 $","Bakı, bugün 10:00","ŞəhərBakıMarkaBMWModel540Buraxılış ili2017Ban növüSedanRəngGöyMühərrik3.0 LMühərrikin gücü340 a.g.Yanacaq növüBenzinYürüş44 000 kmSürətlər qutusuAvtomatÖtürücüTamYeniXeyrQiymət67 000 $Barter mümkündürHansı bazar üçün yığılıbAmerikaYerlərin sayı5Sahiblər2VəziyyətiVuruğu yoxdur, rənglənməyib","https://turbo.az/autos/6738173-bmw-540"
"10","Mercedes S 500","2010, 5.5 L, 137 000 km","25 000 $","Bakı, 08.10.2022 11:59","ŞəhərBakıMarkaMercedesModelS 500Buraxılış ili2010Ban növüSedanRəngAğMühərrik5.5 LMühərrikin gücü470 a.g.Yanacaq növüBenzinYürüş137 000 kmSürətlər qutusuAvtomatÖtürücüArxaYeniXeyrQiymət25 000 $Yerlərin sayı5Sahiblər2VəziyyətiVuruğu yoxdur, rənglənməyib","https://turbo.az/autos/6614115-mercedes-s-500"
"11","BMW 528","2013, 2.0 L, 91 000 km","23 000 $","Bakı, 03.10.2022 10:34","ŞəhərBakıMarkaBMWModel528Buraxılış ili2013Ban növüSedanRəngGümüşüMühərrik2.0 LMühərrikin gücü245 a.g.Yanacaq növüBenzinYürüş91 000 kmSürətlər qutusuAvtomatÖtürücüArxaYeniXeyrQiymət23 000 $Hansı bazar üçün yığılıbAmerikaYerlərin sayı5VəziyyətiVuruğu yoxdur, rənglənməyib","https://turbo.az/autos/6688034-bmw-528"
"12","Kia Sorento","2016, 2.0 L, 153 900 km","45 000 AZN","Bakı, 12.10.2022 14:09","ŞəhərBakıMarkaKiaModelSorentoBuraxılış ili2016Ban növüOffroader / SUVRəngBozMühərrik2.0 LMühərrikin gücü184 a.g.Yanacaq növüDizelYürüş153 900 kmSürətlər qutusuAvtomatÖtürücüÖnYeniXeyrQiymət45 000 AZNYerlərin sayı7Sahiblər1VəziyyətiVuruğu yoxdur, rənglənməyib","https://turbo.az/autos/6711531-kia-sorento"
"13","Volkswagen Passat","2000, 1.8 L, 178 000 km","4 500 AZN","Sumqayıt, bugün 22:17","ŞəhərSumqayıtMarkaVolkswagenModelPassatBuraxılış ili2000Ban növüSedanRəngGöyMühərrik1.8 LMühərrikin gücü170 a.g.Yanacaq növüBenzinYürüş178 000 kmSürətlər qutusuAvtomatÖtürücüÖnYeniXeyrQiymət4 500 AZNYerlərin sayı5VəziyyətiVuruğu yoxdur, rənglənməyib","https://turbo.az/autos/6743347-volkswagen-passat"
"14","Mercedes E 220","1996, 2.2 L, 350 000 km","11 000 AZN","Bakı, bugün 22:16","ŞəhərBakıMarkaMercedesModelE 220Buraxılış ili1996Ban növüSedanRəngAğMühərrik2.2 LMühərrikin gücü143 a.g.Yanacaq növüDizelYürüş350 000 kmSürətlər qutusuAvtomatÖtürücüArxaYeniXeyrQiymət11 000 AZNHansı bazar üçün yığılıbAvropaYerlərin sayı4Sahiblər1VəziyyətiVuruğu yoxdur, rənglənib","https://turbo.az/autos/6743345-mercedes-e-220"
"15","Hyundai Sonata","2013, 2.0 L, 257 495 km","18 800 AZN","Gəncə, bugün 22:15","ŞəhərGəncəMarkaHyundaiModelSonataBuraxılış ili2013Ban növüSedanRəngYaş AsfaltMühərrik2.0 LMühərrikin gücü165 a.g.Yanacaq növüBenzinYürüş257 495 kmSürətlər qutusuAvtomatÖtürücüÖnYeniXeyrQiymət18 800 AZNKreditdədirHansı bazar üçün yığılıbAmerikaYerlərin sayı5Sahiblər2VəziyyətiVuruğu var, rənglənib","https://turbo.az/autos/6743343-hyundai-sonata"
"16","Infiniti QX80","2015, 5.6 L, 62 000 km","48 500 $","Bakı, bugün 22:15","ŞəhərBakıMarkaInfinitiModelQX80Buraxılış ili2015Ban növüOffroader / SUVRəngAğMühərrik5.6 LMühərrikin gücü407 a.g.Yanacaq növüBenzinYürüş62 000 kmSürətlər qutusuAvtomatÖtürücüTamYeniXeyrQiymət48 500 $Yerlərin sayı7Sahiblər1VəziyyətiVuruğu yoxdur, rənglənməyib","https://turbo.az/autos/6735074-infiniti-qx80"
"17","Kia Ceed","2009, 1.4 L, 161 000 km","14 300 AZN","Bakı, bugün 22:14","ŞəhərBakıMarkaKiaModelCeedBuraxılış ili2009Ban növüUniversalRəngQaraMühərrik1.4 LMühərrikin gücü90 a.g.Yanacaq növüBenzinYürüş161 000 kmSürətlər qutusuMexanikiÖtürücüÖnYeniXeyrQiymət14 300 AZNKreditdədirYerlərin sayı4Sahiblər1VəziyyətiVuruğu yoxdur, rənglənməyib","https://turbo.az/autos/6703810-kia-ceed"
"18","Hyundai i30","2011, 1.6 L, 169 019 km","18 750 AZN","Bakı, bugün 22:14","ŞəhərBakıMarkaHyundaiModeli30Buraxılış ili2011Ban növüHetçbekRəngQaraMühərrik1.6 LMühərrikin gücü122 a.g.Yanacaq növüBenzinYürüş169 019 kmSürətlər qutusuAvtomatÖtürücüÖnYeniXeyrQiymət18 750 AZNBarter mümkündürHansı bazar üçün yığılıbAvropaYerlərin sayı5Sahiblər2VəziyyətiVuruğu yoxdur, rənglənməyib","https://turbo.az/autos/6651424-hyundai-i30"
"19","Chevrolet Cruze","2015, 1.4 L, 123 000 km","17 600 AZN","Bakı, bugün 22:14","ŞəhərBakıMarkaChevroletModelCruzeBuraxılış ili2015Ban növüSedanRəngGöyMühərrik1.4 LMühərrikin gücü141 a.g.Yanacaq növüBenzinYürüş123 000 kmSürətlər qutusuAvtomatÖtürücüÖnYeniXeyrQiymət17 600 AZNYerlərin sayı5Sahiblər2VəziyyətiVuruğu yoxdur, rənglənməyib","https://turbo.az/autos/6743341-chevrolet-cruze"
"20","Hyundai Santa Fe","2009, 2.0 L, 189 200 km","22 900 AZN","Bakı, bugün 22:13","ŞəhərBakıMarkaHyundaiModelSanta FeBuraxılış ili2009Ban növüOffroader / SUVRəngQaraMühərrik2.0 LMühərrikin gücü184 a.g.Yanacaq növüDizelYürüş189 200 kmSürətlər qutusuAvtomatÖtürücüÖnYeniXeyrQiymət22 900 AZNYerlərin sayı7Sahiblər1VəziyyətiVuruğu yoxdur, rənglənməyib","https://turbo.az/autos/6712661-hyundai-santa-fe"
"21","Mercedes GLC 250 Coupe","2018, 2.0 L, 35 000 km","53 000 $","Bakı, bugün 22:13","ŞəhərBakıMarkaMercedesModelGLC 250 CoupeBuraxılış ili2018Ban növüOffroader / SUVRəngBejMühərrik2.0 LMühərrikin gücü211 a.g.Yanacaq növüBenzinYürüş35 000 kmSürətlər qutusuAvtomatÖtürücüTamYeniXeyrQiymət53 000 $Barter mümkündürYerlərin sayı5Sahiblər1VəziyyətiVuruğu yoxdur, rənglənməyib","https://turbo.az/autos/6653521-mercedes-glc-250-coupe"
"22","Hyundai Elantra","2014, 1.6 L, 139 000 km","22 900 AZN","Bakı, bugün 22:13","ŞəhərBakıMarkaHyundaiModelElantraBuraxılış ili2014Ban növüSedanRəngAğMühərrik1.6 LMühərrikin gücü132 a.g.Yanacaq növüDizelYürüş139 000 kmSürətlər qutusuAvtomatÖtürücüÖnYeniXeyrQiymət22 900 AZNBarter mümkündürYerlərin sayı5VəziyyətiVuruğu yoxdur, rənglənməyib","https://turbo.az/autos/6703144-hyundai-elantra"
"23","Toyota Prado","2007, 3.0 L, 204 300 km","42 500 AZN","Bakı, bugün 22:11","ŞəhərBakıMarkaToyotaModelPradoBuraxılış ili2007Ban növüOffroader / SUVRəngQaraMühərrik3.0 LMühərrikin gücü173 a.g.Yanacaq növüDizelYürüş204 300 kmSürətlər qutusuAvtomatÖtürücüTamYeniXeyrQiymət42 500 AZNYerlərin sayı5Sahiblər2VəziyyətiVuruğu yoxdur, rənglənməyib","https://turbo.az/autos/6706935-toyota-prado"
"24","Mercedes E 230","1995, 2.3 L, 345 000 km","10 900 AZN","Sumqayıt, bugün 22:11","ŞəhərSumqayıtMarkaMercedesModelE 230Buraxılış ili1995Ban növüSedanRəngGümüşüMühərrik2.3 LMühərrikin gücü150 a.g.Yanacaq növüBenzinYürüş345 000 kmSürətlər qutusuAvtomatÖtürücüArxaYeniXeyrQiymət10 900 AZNKreditdədirBarter mümkündürYerlərin sayı5VəziyyətiVuruğu yoxdur, rənglənməyib","https://turbo.az/autos/6743335-mercedes-e-230"
"25","Hyundai Accent","2005, 1.5 L, 385 000 km","8 300 AZN","Bakı, bugün 22:10","ŞəhərBakıMarkaHyundaiModelAccentBuraxılış ili2005Ban növüHetçbekRəngQaraMühərrik1.5 LMühərrikin gücü102 a.g.Yanacaq növüBenzinYürüş385 000 kmSürətlər qutusuMexanikiÖtürücüÖnYeniXeyrQiymət8 300 AZNYerlərin sayı5Sahiblər2VəziyyətiVuruğu yoxdur, rənglənməyib","https://turbo.az/autos/6743330-hyundai-accent"
"26","Porsche Cayenne GTS","2014, 4.8 L, 60 000 km","45 000 $","Bakı, bugün 22:10","ŞəhərBakıMarkaPorscheModelCayenne GTSBuraxılış ili2014Ban növüOffroader / SUVRəngQaraMühərrik4.8 LMühərrikin gücü420 a.g.Yanacaq növüBenzinYürüş60 000 kmSürətlər qutusuAvtomatÖtürücüTamYeniXeyrQiymət45 000 $Hansı bazar üçün yığılıbAvropaYerlərin sayı5Sahiblər2VəziyyətiVuruğu yoxdur, rənglənməyib","https://turbo.az/autos/6639497-porsche-cayenne-gts"
"27","Volkswagen Tiguan","2013, 2.0 L, 121 395 km","24 800 AZN","Sumqayıt, bugün 22:10","ŞəhərSumqayıtMarkaVolkswagenModelTiguanBuraxılış ili2013Ban növüOffroader / SUVRəngQaraMühərrik2.0 LMühərrikin gücü200 a.g.Yanacaq növüBenzinYürüş121 395 kmSürətlər qutusuAvtomatÖtürücüÖnYeniXeyrQiymət24 800 AZNYerlərin sayı5Sahiblər2VəziyyətiVuruğu yoxdur, rənglənməyib","https://turbo.az/autos/6743328-volkswagen-tiguan"
"28","BMW 328","2013, 2.0 L, 138 000 km","20 500 $","Bakı, bugün 22:09","ŞəhərBakıMarkaBMWModel328Buraxılış ili2013Ban növüSedanRəngAğMühərrik2.0 LMühərrikin gücü245 a.g.Yanacaq növüBenzinYürüş138 000 kmSürətlər qutusuAvtomatÖtürücüArxaYeniXeyrQiymət20 500 $Yerlərin sayı4VəziyyətiVuruğu yoxdur, rənglənməyib","https://turbo.az/autos/6743327-bmw-328"
"29","Mercedes E 240","2000, 2.4 L, 340 000 km","17 800 AZN","Ağcabədi, bugün 22:08","ŞəhərAğcabədiMarkaMercedesModelE 240Buraxılış ili2000Ban növüSedanRəngGümüşüMühərrik2.4 LMühərrikin gücü170 a.g.Yanacaq növüBenzinYürüş340 000 kmSürətlər qutusuAvtomatÖtürücüArxaYeniXeyrQiymət17 800 AZNHansı bazar üçün yığılıbAvropaYerlərin sayı5Sahiblər2VəziyyətiVuruğu yoxdur, rənglənməyib","https://turbo.az/autos/6743326-mercedes-e-240"
"30","Hyundai Elantra","2007, 2.0 L, 386 000 km","12 500 AZN","Şirvan, bugün 22:08","ŞəhərŞirvanMarkaHyundaiModelElantraBuraxılış ili2007Ban növüSedanRəngAğMühərrik2.0 LMühərrikin gücü143 a.g.Yanacaq növüBenzinYürüş386 000 kmSürətlər qutusuAvtomatÖtürücüÖnYeniXeyrQiymət12 500 AZNSahiblər2VəziyyətiVuruğu var, rənglənib","https://turbo.az/autos/6636075-hyundai-elantra"
"31","BMW 428","2015, 2.0 L, 92 000 km","36 800 AZN","Bakı, bugün 22:08","ŞəhərBakıMarkaBMWModel428Buraxılış ili2015Ban növüKupeRəngYaş AsfaltMühərrik2.0 LMühərrikin gücü245 a.g.Yanacaq növüBenzinYürüş92 000 kmSürətlər qutusuAvtomatÖtürücüArxaYeniXeyrQiymət36 800 AZNKreditdədirBarter mümkündürYerlərin sayı4Sahiblər1VəziyyətiVuruğu yoxdur, rənglənməyib","https://turbo.az/autos/6628361-bmw-428"
"32","Opel Astra","1997, 1.6 L, 300 000 km","5 300 AZN","Bakı, bugün 22:08","ŞəhərBakıMarkaOpelModelAstraBuraxılış ili1997Ban növüHetçbekRəngQızılıMühərrik1.6 LMühərrikin gücü101 a.g.Yanacaq növüBenzinYürüş300 000 kmSürətlər qutusuAvtomatÖtürücüArxaYeniXeyrQiymət5 300 AZNYerlərin sayı4Sahiblər4 və daha çoxVəziyyətiVuruğu var, rənglənib","https://turbo.az/autos/6743325-opel-astra"
"33","Opel Astra","2001, 1.8 L, 496 800 km","8 300 AZN","Bakı, bugün 22:06","ŞəhərBakıMarkaOpelModelAstraBuraxılış ili2001Ban növüUniversalRəngQaraMühərrik1.8 LMühərrikin gücü116 a.g.Yanacaq növüBenzinYürüş496 800 kmSürətlər qutusuMexanikiÖtürücüÖnYeniXeyrQiymət8 300 AZNYerlərin sayı6Sahiblər3VəziyyətiVuruğu yoxdur, rənglənməyib","https://turbo.az/autos/6743319-opel-astra"
"34","Khazar SD","2020, 1.7 L, 270 000 km","14 700 AZN","Bakı, bugün 22:06","ŞəhərBakıMarkaKhazarModelSDBuraxılış ili2020Ban növüSedanRəngGöyMühərrik1.7 LMühərrikin gücü113 a.g.Yanacaq növüBenzinYürüş270 000 kmSürətlər qutusuMexanikiÖtürücüÖnYeniXeyrQiymət14 700 AZNKreditdədirHansı bazar üçün yığılıbAvropaYerlərin sayı4Sahiblər2VəziyyətiVuruğu yoxdur, rənglənməyib","https://turbo.az/autos/6743317-khazar-sd"
"35","Hyundai Elantra","2015, 1.8 L, 90 200 km","19 500 AZN","Bakı, bugün 22:06","ŞəhərBakıMarkaHyundaiModelElantraBuraxılış ili2015Ban növüSedanRəngAğMühərrik1.8 LMühərrikin gücü150 a.g.Yanacaq növüBenzinYürüş90 200 kmSürətlər qutusuAvtomatÖtürücüÖnYeniXeyrQiymət19 500 AZNHansı bazar üçün yığılıbAmerikaYerlərin sayı5Sahiblər1VəziyyətiVuruğu yoxdur, rənglənməyib","https://turbo.az/autos/6743316-hyundai-elantra"
"36","LADA (VAZ) Niva","2016, 1.7 L, 35 000 km","14 000 AZN","Ağstafa, bugün 22:05","ŞəhərAğstafaMarkaLADA (VAZ)ModelNivaBuraxılış ili2016Ban növüOffroader / SUVRəngAğMühərrik1.7 LMühərrikin gücü80 a.g.Yanacaq növüBenzinYürüş35 000 kmSürətlər qutusuMexanikiÖtürücüTamYeniXeyrQiymət14 000 AZN","https://turbo.az/autos/5823160-lada-vaz-niva"
"37","Changan Uni-K","2022, 2.0 L, 0 km","69 900 AZN","Bakı, 23.09.2022 09:07","ŞəhərBakıMarkaChanganModelUni-KBuraxılış ili2022Ban növüOffroader / SUVRəngGöyMühərrik2.0 LMühərrikin gücü233 a.g.Yanacaq növüBenzinYürüş0 kmSürətlər qutusuAvtomatÖtürücüTamYeniBəliQiymət69 900 AZNBarter mümkündür","https://turbo.az/autos/6365449-changan-uni-k"
"38","Mercedes GL 500","2013, 4.7 L, 76 500 km","39 500 $","Bakı, bugün 09:09","ŞəhərBakıMarkaMercedesModelGL 500Buraxılış ili2013Ban növüOffroader / SUVRəngQaraMühərrik4.7 LMühərrikin gücü435 a.g.Yanacaq növüBenzinYürüş76 500 kmSürətlər qutusuAvtomatÖtürücüÖnYeniXeyrQiymət39 500 $KreditdədirBarter mümkündürYerlərin sayı4Sahiblər2VəziyyətiVuruğu yoxdur, rənglənməyib","https://turbo.az/autos/6738711-mercedes-gl-500"
"39","Mercedes S 400","2014, 3.0 L, 123 000 km","62 500 $","Bakı, 12.10.2022 14:40","ŞəhərBakıMarkaMercedesModelS 400Buraxılış ili2014Ban növüSedanRəngQaraMühərrik3.0 LMühərrikin gücü333 a.g.Yanacaq növüBenzinYürüş123 000 kmSürətlər qutusuAvtomatÖtürücüArxaYeniXeyrQiymət62 500 $Yerlərin sayı5Sahiblər1VəziyyətiVuruğu yoxdur, rənglənməyib","https://turbo.az/autos/6465844-mercedes-s-400"
"40","Toyota Camry","2014, 2.5 L, 168 000 km","22 900 $","Bakı, 04.10.2022 00:12","ŞəhərBakıMarkaToyotaModelCamryBuraxılış ili2014Ban növüSedanRəngBozMühərrik2.5 LMühərrikin gücü181 a.g.Yanacaq növüBenzinYürüş168 000 kmSürətlər qutusuAvtomatÖtürücüÖnYeniXeyrQiymət22 900 $Hansı bazar üçün yığılıbRəsmi dilerYerlərin sayı5Sahiblər1VəziyyətiVuruğu yoxdur, rənglənməyib","https://turbo.az/autos/6704929-toyota-camry"
"41","Toyota Corolla","2006, 1.4 L, 235 000 km","14 300 AZN","Bakı, 06.10.2022 18:20","ŞəhərBakıMarkaToyotaModelCorollaBuraxılış ili2006Ban növüUniversalRəngGümüşüMühərrik1.4 LMühərrikin gücü90 a.g.Yanacaq növüDizelYürüş235 000 kmSürətlər qutusuMexanikiÖtürücüÖnYeniXeyrQiymət14 300 AZNHansı bazar üçün yığılıbAvropaYerlərin sayı5Sahiblər1VəziyyətiVuruğu yoxdur, rənglənməyib","https://turbo.az/autos/6659701-toyota-corolla"
"42","Land Rover Range Rover","2015, 3.0 L, 96 500 km","69 900 $","Bakı, dünən 17:38","ŞəhərBakıMarkaLand RoverModelRange RoverBuraxılış ili2015Ban növüOffroader / SUVRəngQaraMühərrik3.0 LMühərrikin gücü340 a.g.Yanacaq növüBenzinYürüş96 500 kmSürətlər qutusuAvtomatÖtürücüArxaYeniXeyrQiymət69 900 $Hansı bazar üçün yığılıbAvropaYerlərin sayı4Sahiblər1VəziyyətiVuruğu yoxdur, rənglənməyib","https://turbo.az/autos/6566998-land-rover-range-rover"
"43","Toyota RAV 4","2013, 2.0 L, 182 208 km","37 500 AZN","Zərdab, 08.10.2022 10:03","ŞəhərZərdabMarkaToyotaModelRAV 4Buraxılış ili2013Ban növüOffroader / SUVRəngAğMühərrik2.0 LMühərrikin gücü146 a.g.Yanacaq növüBenzinYürüş182 208 kmSürətlər qutusuAvtomatÖtürücüTamYeniXeyrQiymət37 500 AZNYerlərin sayı5VəziyyətiVuruğu yoxdur, rənglənməyib","https://turbo.az/autos/6644608-toyota-rav-4"
"44","Ford Transit","2007, 2.4 L, 170 350 km","26 000 AZN","Bakı, 14.10.2022 11:49","ŞəhərBakıMarkaFordModelTransitBuraxılış ili2007Ban növüFurqonRəngAğMühərrik2.4 LMühərrikin gücü140 a.g.Yanacaq növüDizelYürüş170 350 kmSürətlər qutusuMexanikiÖtürücüArxaYeniXeyrQiymət26 000 AZNHansı bazar üçün yığılıbAvropaVəziyyətiVuruğu yoxdur, rənglənməyib","https://turbo.az/autos/6734209-ford-transit"
"45","Chevrolet Malibu","2020, 1.5 L, 34 500 km","24 500 AZN","Bakı, dünən 09:43","ŞəhərBakıMarkaChevroletModelMalibuBuraxılış ili2020Ban növüSedanRəngGümüşüMühərrik1.5 LMühərrikin gücü160 a.g.Yanacaq növüBenzinYürüş34 500 kmSürətlər qutusuAvtomatÖtürücüÖnYeniXeyrQiymət24 500 AZNVəziyyətiVuruğu yoxdur, rənglənməyib","https://turbo.az/autos/6641012-chevrolet-malibu"
"46","Land Rover Range Rover","2013, 5.0 L, 212 000 km","72 000 $","Bakı, 10.10.2022 09:47","ŞəhərBakıMarkaLand RoverModelRange RoverBuraxılış ili2013Ban növüOffroader / SUVRəngQaraMühərrik5.0 LMühərrikin gücü510 a.g.Yanacaq növüBenzinYürüş212 000 kmSürətlər qutusuAvtomatÖtürücüTamYeniXeyrQiymət72 000 $VəziyyətiVuruğu yoxdur, rənglənməyib","https://turbo.az/autos/6713185-land-rover-range-rover"
"47","Audi A7","2013, 3.0 L, 64 000 km","30 000 $","Bakı, 09.10.2022 22:07","ŞəhərBakıMarkaAudiModelA7Buraxılış ili2013Ban növüSedanRəngAğMühərrik3.0 LMühərrikin gücü310 a.g.Yanacaq növüBenzinYürüş64 000 kmSürətlər qutusuAvtomatÖtürücüTamYeniXeyrQiymət30 000 $Hansı bazar üçün yığılıbAvropaYerlərin sayı5Sahiblər1VəziyyətiVuruğu yoxdur, rənglənməyib","https://turbo.az/autos/6717977-audi-a7"
"48","BMW X5","2013, 3.0 L, 228 000 km","28 000 $","Bakı, 21.09.2022 11:36","ŞəhərBakıMarkaBMWModelX5Buraxılış ili2013Ban növüOffroader / SUVRəngQaraMühərrik3.0 LMühərrikin gücü306 a.g.Yanacaq növüBenzinYürüş228 000 kmSürətlər qutusuAvtomatÖtürücüTamYeniXeyrQiymət28 000 $KreditdədirBarter mümkündürHansı bazar üçün yığılıbAmerikaYerlərin sayı5Sahiblər3VəziyyətiVuruğu yoxdur, rənglənməyib","https://turbo.az/autos/6663065-bmw-x5"
"49","BMW 328","2017, 2.0 L, 79 000 km","21 050 $","Bakı, bugün 22:05","ŞəhərBakıMarkaBMWModel328Buraxılış ili2017Ban növüSedanRəngYaş AsfaltMühərrik2.0 LMühərrikin gücü245 a.g.Yanacaq növüBenzinYürüş79 000 kmSürətlər qutusuAvtomatÖtürücüArxaYeniXeyrQiymət21 050 $Hansı bazar üçün yığılıbAmerikaYerlərin sayı5Sahiblər1VəziyyətiVuruğu yoxdur, rənglənməyib","https://turbo.az/autos/6714033-bmw-328"
"50","LADA (VAZ) Priora","2014, 1.6 L, 175 000 km","12 600 AZN","Bakı, bugün 22:05","ŞəhərBakıMarkaLADA (VAZ)ModelPrioraBuraxılış ili2014Ban növüHetçbekRəngYaş AsfaltMühərrik1.6 LMühərrikin gücü106 a.g.Yanacaq növüBenzinYürüş175 000 kmSürətlər qutusuMexanikiÖtürücüÖnYeniXeyrQiymət12 600 AZNHansı bazar üçün yığılıbRusiyaYerlərin sayı5Sahiblər2VəziyyətiVuruğu yoxdur, rənglənməyib","https://turbo.az/autos/6743313-lada-vaz-priora"
"51","Hyundai i30","2011, 1.6 L, 186 000 km","15 500 AZN","Bakı, bugün 22:04","ŞəhərBakıMarkaHyundaiModeli30Buraxılış ili2011Ban növüHetçbekRəngAğMühərrik1.6 LMühərrikin gücü126 a.g.Yanacaq növüBenzinYürüş186 000 kmSürətlər qutusuMexanikiÖtürücüÖnYeniXeyrQiymət15 500 AZNHansı bazar üçün yığılıbRəsmi dilerYerlərin sayı5Sahiblər2VəziyyətiVuruğu yoxdur, rənglənməyib","https://turbo.az/autos/6743312-hyundai-i30"
"52","Mercedes E 260","2001, 2.6 L, 387 000 km","17 900 AZN","Bakı, bugün 22:04","ŞəhərBakıMarkaMercedesModelE 260Buraxılış ili2001Ban növüSedanRəngGöyMühərrik2.6 LMühərrikin gücü177 a.g.Yanacaq növüBenzinYürüş387 000 kmSürətlər qutusuAvtomatÖtürücüArxaYeniXeyrQiymət17 900 AZNYerlərin sayı5VəziyyətiVuruğu yoxdur, rənglənməyib","https://turbo.az/autos/6743311-mercedes-e-260"
"53","Geely Emgrand","2022, 1.5 L, 0 km","34 900 AZN","Bakı, bugün 22:03","ŞəhərBakıMarkaGeelyModelEmgrandBuraxılış ili2022Ban növüSedanRəngGöyMühərrik1.5 LMühərrikin gücü105 a.g.Yanacaq növüBenzinYürüş0 kmSürətlər qutusuAvtomatÖtürücüÖnYeniBəliQiymət34 900 AZNHansı bazar üçün yığılıbRəsmi dilerVəziyyətiVuruğu yoxdur, rənglənməyib","https://turbo.az/autos/6557082-geely-emgrand"
"54","Toyota Camry","2015, 2.5 L, 165 000 km","32 800 AZN","Bakı, bugün 22:03","ŞəhərBakıMarkaToyotaModelCamryBuraxılış ili2015Ban növüSedanRəngBozMühərrik2.5 LMühərrikin gücü181 a.g.Yanacaq növüBenzinYürüş165 000 kmSürətlər qutusuAvtomatÖtürücüÖnYeniXeyrQiymət32 800 AZNHansı bazar üçün yığılıbRəsmi dilerVəziyyətiVuruğu yoxdur, rənglənməyib","https://turbo.az/autos/6728490-toyota-camry"
"55","Opel Astra","2005, 1.6 L, 223 232 km","10 300 AZN","Bakı, bugün 22:03","ŞəhərBakıMarkaOpelModelAstraBuraxılış ili2005Ban növüUniversalRəngBozMühərrik1.6 LMühərrikin gücü101 a.g.Yanacaq növüBenzinYürüş223 232 kmSürətlər qutusuMexanikiÖtürücüÖnYeniXeyrQiymət10 300 AZNYerlərin sayı5Sahiblər2VəziyyətiVuruğu yoxdur, rənglənməyib","https://turbo.az/autos/6743309-opel-astra"
"56","Kia Rio","2006, 1.5 L, 185 000 km","11 200 AZN","Bakı, bugün 22:02","ŞəhərBakıMarkaKiaModelRioBuraxılış ili2006Ban növüHetçbekRəngGöyMühərrik1.5 LMühərrikin gücü76 a.g.Yanacaq növüBenzinYürüş185 000 kmSürətlər qutusuMexanikiÖtürücüÖnYeniXeyrQiymət11 200 AZNYerlərin sayı5VəziyyətiVuruğu yoxdur, rənglənməyib","https://turbo.az/autos/6743308-kia-rio"
"57","BMW 528","2015, 2.0 L, 108 000 km","21 400 $","Bakı, bugün 22:02","ŞəhərBakıMarkaBMWModel528Buraxılış ili2015Ban növüSedanRəngQaraMühərrik2.0 LMühərrikin gücü245 a.g.Yanacaq növüBenzinYürüş108 000 kmSürətlər qutusuAvtomatÖtürücüArxaYeniXeyrQiymət21 400 $Yerlərin sayı5Sahiblər1VəziyyətiVuruğu yoxdur, rənglənməyib","https://turbo.az/autos/6739560-bmw-528"
"58","Mercedes V 250","2016, 2.2 L, 338 000 km","35 700 $","Bakı, bugün 22:02","ŞəhərBakıMarkaMercedesModelV 250Buraxılış ili2016Ban növüMinivanRəngGümüşüMühərrik2.2 LMühərrikin gücü190 a.g.Yanacaq növüDizelYürüş338 000 kmSürətlər qutusuAvtomatÖtürücüArxaYeniXeyrQiymət35 700 $Barter mümkündürHansı bazar üçün yığılıbRəsmi dilerYerlərin sayı7Sahiblər2VəziyyətiVuruğu yoxdur, rənglənməyib","https://turbo.az/autos/6599260-mercedes-v-250"
"59","Hyundai i40","2012, 2.0 L, 208 370 km","22 500 AZN","Bakı, bugün 22:01","ŞəhərBakıMarkaHyundaiModeli40Buraxılış ili2012Ban növüUniversalRəngAğMühərrik2.0 LMühərrikin gücü150 a.g.Yanacaq növüBenzinYürüş208 370 kmSürətlər qutusuAvtomatÖtürücüÖnYeniXeyrQiymət22 500 AZNBarter mümkündürHansı bazar üçün yığılıbYaponiyaYerlərin sayı4Sahiblər2VəziyyətiVuruğu yoxdur, rənglənib","https://turbo.az/autos/6743306-hyundai-i40"
"60","Toyota Prius","2007, 1.5 L, 160 000 km","13 600 AZN","Bakı, bugün 22:01","ŞəhərBakıMarkaToyotaModelPriusBuraxılış ili2007Ban növüHetçbekRəngGümüşüMühərrik1.5 LMühərrikin gücü76 a.g.Yanacaq növüHibridYürüş160 000 kmSürətlər qutusuAvtomatÖtürücüÖnYeniXeyrQiymət13 600 AZNHansı bazar üçün yığılıbAmerikaYerlərin sayı5Sahiblər1VəziyyətiVuruğu yoxdur, rənglənməyib","https://turbo.az/autos/6743305-toyota-prius"
"61","Opel Astra","2008, 1.4 L, 153 000 km","11 600 AZN","Bakı, bugün 22:00","ŞəhərBakıMarkaOpelModelAstraBuraxılış ili2008Ban növüHetçbekRəngQaraMühərrik1.4 LMühərrikin gücü90 a.g.Yanacaq növüBenzinYürüş153 000 kmSürətlər qutusuMexanikiÖtürücüÖnYeniXeyrQiymət11 600 AZNSahiblər1VəziyyətiVuruğu yoxdur, rənglənməyib","https://turbo.az/autos/6657941-opel-astra"
"62","Land Rover Range Rover","2015, 3.0 L, 110 000 km","68 000 $","Bakı, bugün 22:00","ŞəhərBakıMarkaLand RoverModelRange RoverBuraxılış ili2015Ban növüOffroader / SUVRəngAğMühərrik3.0 LMühərrikin gücü340 a.g.Yanacaq növüBenzinYürüş110 000 kmSürətlər qutusuAvtomatÖtürücüTamYeniXeyrQiymət68 000 $Hansı bazar üçün yığılıbAvropaYerlərin sayı5Sahiblər2VəziyyətiVuruğu yoxdur, rənglənməyib","https://turbo.az/autos/6740607-land-rover-range-rover"
"63","Chevrolet Malibu","2019, 1.5 L, 27 700 km","24 500 AZN","Bakı, bugün 22:00","ŞəhərBakıMarkaChevroletModelMalibuBuraxılış ili2019Ban növüSedanRəngQaraMühərrik1.5 LMühərrikin gücü160 a.g.Yanacaq növüBenzinYürüş27 700 kmSürətlər qutusuAvtomatÖtürücüÖnYeniXeyrQiymət24 500 AZNYerlərin sayı4VəziyyətiVuruğu yoxdur, rənglənməyib","https://turbo.az/autos/6743297-chevrolet-malibu"
"64","Hyundai Sonata","2008, 2.4 L, 178 637 km","18 200 AZN","Tovuz, bugün 21:59","ŞəhərTovuzMarkaHyundaiModelSonataBuraxılış ili2008Ban növüSedanRəngTünd qırmızıMühərrik2.4 LMühərrikin gücü174 a.g.Yanacaq növüBenzinYürüş178 637 kmSürətlər qutusuAvtomatÖtürücüÖnYeniXeyrQiymət18 200 AZNYerlərin sayı5Sahiblər1VəziyyətiVuruğu yoxdur, rənglənməyib","https://turbo.az/autos/6743261-hyundai-sonata"
"65","Volkswagen Passat","2002, 1.8 L, 210 000 km","5 300 AZN","Sumqayıt, bugün 21:59","ŞəhərSumqayıtMarkaVolkswagenModelPassatBuraxılış ili2002Ban növüSedanRəngMaviMühərrik1.8 LMühərrikin gücü170 a.g.Yanacaq növüBenzinYürüş210 000 kmSürətlər qutusuAvtomatÖtürücüÖnYeniXeyrQiymət5 300 AZNVəziyyətiVuruğu yoxdur, rənglənməyib","https://turbo.az/autos/6743294-volkswagen-passat"
"66","Honda Civic","2007, 1.3 L, 345 000 km","10 600 AZN","Bakı, bugün 21:58","ŞəhərBakıMarkaHondaModelCivicBuraxılış ili2007Ban növüSedanRəngYaş AsfaltMühərrik1.3 LMühərrikin gücü95 a.g.Yanacaq növüHibridYürüş345 000 kmSürətlər qutusuVariatorÖtürücüÖnYeniXeyrQiymət10 600 AZNHansı bazar üçün yığılıbAmerikaYerlərin sayı5Sahiblər1VəziyyətiVuruğu yoxdur, rənglənməyib","https://turbo.az/autos/6743291-honda-civic"
"67","Hyundai Sonata","2004, 2.0 L, 261 000 km","9 500 AZN","Zaqatala, bugün 21:58","ŞəhərZaqatalaMarkaHyundaiModelSonataBuraxılış ili2004Ban növüSedanRəngQaraMühərrik2.0 LMühərrikin gücü131 a.g.Yanacaq növüBenzinYürüş261 000 kmSürətlər qutusuMexanikiÖtürücüÖnYeniXeyrQiymət9 500 AZNHansı bazar üçün yığılıbDigərSahiblər3VəziyyətiVuruğu yoxdur, rənglənməyib","https://turbo.az/autos/6743290-hyundai-sonata"
"68","Hyundai Accent","2010, 1.4 L, 260 000 km","13 500 AZN","Bakı, bugün 21:57","ŞəhərBakıMarkaHyundaiModelAccentBuraxılış ili2010Ban növüSedanRəngGümüşüMühərrik1.4 LMühərrikin gücü97 a.g.Yanacaq növüBenzinYürüş260 000 kmSürətlər qutusuAvtomatÖtürücüÖnYeniXeyrQiymət13 500 AZNSahiblər2VəziyyətiVuruğu yoxdur, rənglənməyib","https://turbo.az/autos/6743288-hyundai-accent"
"69","LADA (VAZ) 2107","2005, 1.6 L, 78 000 km","5 200 AZN","Sumqayıt, bugün 21:57","ŞəhərSumqayıtMarkaLADA (VAZ)Model2107Buraxılış ili2005Ban növüSedanRəngGöyMühərrik1.6 LMühərrikin gücü75 a.g.Yanacaq növüBenzinYürüş78 000 kmSürətlər qutusuMexanikiÖtürücüArxaYeniXeyrQiymət5 200 AZNVəziyyətiVuruğu yoxdur, rənglənməyib","https://turbo.az/autos/6743287-lada-vaz-2107"
"70","Daewoo Matiz","2008, 0.8 L, 150 000 km","4 900 AZN","Gəncə, bugün 21:56","ŞəhərGəncəMarkaDaewooModelMatizBuraxılış ili2008Ban növüHetçbekRəngBozMühərrik0.8 LMühərrikin gücü52 a.g.Yanacaq növüBenzinYürüş150 000 kmSürətlər qutusuMexanikiÖtürücüÖnYeniXeyrQiymət4 900 AZNHansı bazar üçün yığılıbAvropaVəziyyətiVuruğu yoxdur, rənglənməyib","https://turbo.az/autos/6743286-daewoo-matiz"
"71","Toyota Prado","2008, 2.7 L, 158 000 km","36 000 AZN","Bakı, bugün 21:56","ŞəhərBakıMarkaToyotaModelPradoBuraxılış ili2008Ban növüOffroader / SUVRəngAğMühərrik2.7 LMühərrikin gücü167 a.g.Yanacaq növüBenzinYürüş158 000 kmSürətlər qutusuAvtomatÖtürücüTamYeniXeyrQiymət36 000 AZNHansı bazar üçün yığılıbRəsmi dilerYerlərin sayı7Sahiblər2VəziyyətiVuruğu yoxdur, rənglənməyib","https://turbo.az/autos/6743285-toyota-prado"
"72","LADA (VAZ) 2107","2010, 1.6 L, 95 000 km","8 100 AZN","Bakı, bugün 21:55","ŞəhərBakıMarkaLADA (VAZ)Model2107Buraxılış ili2010Ban növüSedanRəngQaraMühərrik1.6 LMühərrikin gücü75 a.g.Yanacaq növüBenzinYürüş95 000 kmSürətlər qutusuMexanikiÖtürücüArxaYeniXeyrQiymət8 100 AZNBarter mümkündürHansı bazar üçün yığılıbRusiyaYerlərin sayı5Sahiblər1VəziyyətiVuruğu yoxdur, rənglənməyib","https://turbo.az/autos/6716830-lada-vaz-2107"
"73","Land Rover RR Sport","2021, 5.0 L, 0 km","198 000 $","Bakı, bugün 10:25","ŞəhərBakıMarkaLand RoverModelRR SportBuraxılış ili2021Ban növüOffroader / SUVRəngBozMühərrik5.0 LMühərrikin gücü575 a.g.Yanacaq növüBenzinYürüş0 kmSürətlər qutusuAvtomatÖtürücüTamYeniBəliQiymət198 000 $Barter mümkündür","https://turbo.az/autos/5762219-land-rover-rr-sport"
"74","Toyota Highlander","2022, 2.5 L, 0 km","62 500 $","Bakı, 14.10.2022 17:58","ŞəhərBakıMarkaToyotaModelHighlanderBuraxılış ili2022Ban növüOffroader / SUVRəngYaş AsfaltMühərrik2.5 LMühərrikin gücü249 a.g.Yanacaq növüHibridYürüş0 kmSürətlər qutusuAvtomatÖtürücüTamYeniBəliQiymət62 500 $Barter mümkündürHansı bazar üçün yığılıbAvropaYerlərin sayı7VəziyyətiVuruğu yoxdur, rənglənməyib","https://turbo.az/autos/6671355-toyota-highlander"
"75","Chery Tiggo 8 Pro Max","2022, 2.0 L, 0 km","64 500 AZN","Bakı, 10.10.2022 17:21","ŞəhərBakıMarkaCheryModelTiggo 8 Pro MaxBuraxılış ili2022Ban növüOffroader / SUVRəngBənövşəyiMühərrik2.0 LMühərrikin gücü254 a.g.Yanacaq növüBenzinYürüş0 kmSürətlər qutusuAvtomatÖtürücüTamYeniBəliQiymət64 500 AZNBarter mümkündür","https://turbo.az/autos/6378582-chery-tiggo-8-pro-max"
"76","Mercedes E 300","2022, 2.0 L, 0 km","83 800 $","Bakı, 05.10.2022 11:40","ŞəhərBakıMarkaMercedesModelE 300Buraxılış ili2022Ban növüSedanRəngYaş AsfaltMühərrik2.0 LMühərrikin gücü245 a.g.Yanacaq növüPlug-in HibridYürüş0 kmSürətlər qutusuAvtomatÖtürücüArxaYeniBəliQiymət83 800 $Hansı bazar üçün yığılıbRəsmi dilerYerlərin sayı5Sahiblər1VəziyyətiVuruğu yoxdur, rənglənməyib","https://turbo.az/autos/6552623-mercedes-e-300"
"77","Land Rover RR Sport","2015, 3.0 L, 145 000 km","56 900 $","Bakı, bugün 20:35","ŞəhərBakıMarkaLand RoverModelRR SportBuraxılış ili2015Ban növüOffroader / SUVRəngQaraMühərrik3.0 LMühərrikin gücü340 a.g.Yanacaq növüBenzinYürüş145 000 kmSürətlər qutusuAvtomatÖtürücüTamYeniXeyrQiymət56 900 $VəziyyətiVuruğu yoxdur, rənglənməyib","https://turbo.az/autos/6729079-land-rover-rr-sport"
"78","Porsche Cayenne","2011, 3.6 L, 85 000 km","38 500 $","Bakı, 12.10.2022 12:16","ŞəhərBakıMarkaPorscheModelCayenneBuraxılış ili2011Ban növüOffroader / SUVRəngAğMühərrik3.6 LMühərrikin gücü300 a.g.Yanacaq növüBenzinYürüş85 000 kmSürətlər qutusuAvtomatÖtürücüTamYeniXeyrQiymət38 500 $Hansı bazar üçün yığılıbRəsmi dilerVəziyyətiVuruğu yoxdur, rənglənməyib","https://turbo.az/autos/6730797-porsche-cayenne"
"79","BMW 328","2015, 2.0 L, 122 310 km","21 000 $","Bakı, dünən 14:50","ŞəhərBakıMarkaBMWModel328Buraxılış ili2015Ban növüSedanRəngQaraMühərrik2.0 LMühərrikin gücü245 a.g.Yanacaq növüBenzinYürüş122 310 kmSürətlər qutusuAvtomatÖtürücüArxaYeniXeyrQiymət21 000 $Yerlərin sayı5Sahiblər1VəziyyətiVuruğu yoxdur, rənglənməyib","https://turbo.az/autos/6674582-bmw-328"
"80","Mercedes S 320","1995, 3.2 L, 289 000 km","9 500 AZN","Göyçay, 14.10.2022 16:09","ŞəhərGöyçayMarkaMercedesModelS 320Buraxılış ili1995Ban növüSedanRəngQaraMühərrik3.2 LMühərrikin gücü231 a.g.Yanacaq növüBenzinYürüş289 000 kmSürətlər qutusuAvtomatÖtürücüArxaYeniXeyrQiymət9 500 AZNYerlərin sayı5Sahiblər3VəziyyətiVuruğu yoxdur, rənglənməyib","https://turbo.az/autos/6705415-mercedes-s-320"
"81","LADA (VAZ) Niva","2019, 1.7 L, 62 000 km","18 800 AZN","Bakı, 12.10.2022 00:13","ŞəhərBakıMarkaLADA (VAZ)ModelNivaBuraxılış ili2019Ban növüOffroader / SUVRəngQaraMühərrik1.7 LMühərrikin gücü80 a.g.Yanacaq növüBenzinYürüş62 000 kmSürətlər qutusuMexanikiÖtürücüTamYeniXeyrQiymət18 800 AZNYerlərin sayı5Sahiblər1VəziyyətiVuruğu yoxdur, rənglənməyib","https://turbo.az/autos/6708911-lada-vaz-niva"
"82","Opel Astra","2008, 1.3 L, 201 200 km","12 500 AZN","Bakı, 11.10.2022 09:12","ŞəhərBakıMarkaOpelModelAstraBuraxılış ili2008Ban növüUniversalRəngYaş AsfaltMühərrik1.3 LMühərrikin gücü90 a.g.Yanacaq növüDizelYürüş201 200 kmSürətlər qutusuMexanikiÖtürücüÖnYeniXeyrQiymət12 500 AZNYerlərin sayı5Sahiblər1VəziyyətiVuruğu yoxdur, rənglənməyib","https://turbo.az/autos/6713817-opel-astra"
"83","Mercedes CLA 200","2019, 1.3 L, 38 000 km","46 500 $","Bakı, dünən 13:00","ŞəhərBakıMarkaMercedesModelCLA 200Buraxılış ili2019Ban növüSedanRəngYaş AsfaltMühərrik1.3 LMühərrikin gücü163 a.g.Yanacaq növüBenzinYürüş38 000 kmSürətlər qutusuAvtomatÖtürücüÖnYeniXeyrQiymət46 500 $Hansı bazar üçün yığılıbAvropaVəziyyətiVuruğu yoxdur, rənglənməyib","https://turbo.az/autos/6693409-mercedes-cla-200"
"84","BMW 428","2015, 2.0 L, 110 000 km","25 600 $","Bakı, dünən 22:38","ŞəhərBakıMarkaBMWModel428Buraxılış ili2015Ban növüLiftbekRəngGöyMühərrik2.0 LMühərrikin gücü245 a.g.Yanacaq növüBenzinYürüş110 000 kmSürətlər qutusuAvtomatÖtürücüArxaYeniXeyrQiymət25 600 $Barter mümkündürHansı bazar üçün yığılıbAmerikaYerlərin sayı5VəziyyətiVuruğu yoxdur, rənglənməyib","https://turbo.az/autos/6615016-bmw-428"
"85","LADA (VAZ) 2107","2010, 1.6 L, 95 000 km","8 100 AZN","Bakı, bugün 21:55","ŞəhərBakıMarkaLADA (VAZ)Model2107Buraxılış ili2010Ban növüSedanRəngQaraMühərrik1.6 LMühərrikin gücü75 a.g.Yanacaq növüBenzinYürüş95 000 kmSürətlər qutusuMexanikiÖtürücüArxaYeniXeyrQiymət8 100 AZNBarter mümkündürHansı bazar üçün yığılıbRusiyaYerlərin sayı5Sahiblər1VəziyyətiVuruğu yoxdur, rənglənməyib","https://turbo.az/autos/6716830-lada-vaz-2107"
"86","Scania R 480","2011, 13 L, 1 000 000 km","47 700 AZN","Bakı, bugün 21:55","ŞəhərBakıMarkaScaniaModelR 480Buraxılış ili2011Ban növüDartqıRəngGümüşüMühərrik13 LMühərrikin gücü480 a.g.Yanacaq növüDizelYürüş1 000 000 kmSürətlər qutusuAvtomatÖtürücüArxaYeniXeyrQiymət47 700 AZNHansı bazar üçün yığılıbAvropaVəziyyətiVuruğu yoxdur, rənglənməyib","https://turbo.az/autos/6743283-scania-r-480"
"87","Nissan Qashqai","2013, 2.0 L, 121 000 km","21 500 AZN","Bakı, bugün 21:55","ŞəhərBakıMarkaNissanModelQashqaiBuraxılış ili2013Ban növüOffroader / SUVRəngBənövşəyiMühərrik2.0 LMühərrikin gücü144 a.g.Yanacaq növüBenzinYürüş121 000 kmSürətlər qutusuAvtomatÖtürücüÖnYeniXeyrQiymət21 500 AZNYerlərin sayı5Sahiblər1VəziyyətiVuruğu yoxdur, rənglənməyib","https://turbo.az/autos/6714920-nissan-qashqai"
"88","Mercedes C 220","2005, 2.2 L, 250 000 km","13 400 AZN","Bakı, bugün 21:54","ŞəhərBakıMarkaMercedesModelC 220Buraxılış ili2005Ban növüSedanRəngGöyMühərrik2.2 LMühərrikin gücü150 a.g.Yanacaq növüDizelYürüş250 000 kmSürətlər qutusuAvtomatÖtürücüArxaYeniXeyrQiymət13 400 AZNHansı bazar üçün yığılıbAvropaYerlərin sayı5Sahiblər4 və daha çoxVəziyyətiVuruğu yoxdur, rənglənib","https://turbo.az/autos/6743282-mercedes-c-220"
"89","Hyundai Tucson","2007, 2.0 L, 234 000 km","15 800 AZN","Bakı, bugün 21:52","ŞəhərBakıMarkaHyundaiModelTucsonBuraxılış ili2007Ban növüOffroader / SUVRəngQaraMühərrik2.0 LMühərrikin gücü141 a.g.Yanacaq növüBenzinYürüş234 000 kmSürətlər qutusuAvtomatÖtürücüTamYeniXeyrQiymət15 800 AZNBarter mümkündürHansı bazar üçün yığılıbAvropaYerlərin sayı5Sahiblər2VəziyyətiVuruğu yoxdur, rənglənməyib","https://turbo.az/autos/6742968-hyundai-tucson"
"90","Mercedes CLS 350","2011, 3.5 L, 135 000 km","26 500 $","Sumqayıt, bugün 21:52","ŞəhərSumqayıtMarkaMercedesModelCLS 350Buraxılış ili2011Ban növüKupeRəngAğMühərrik3.5 LMühərrikin gücü292 a.g.Yanacaq növüBenzinYürüş135 000 kmSürətlər qutusuAvtomatÖtürücüTamYeniXeyrQiymət26 500 $Yerlərin sayı4VəziyyətiVuruğu yoxdur, rənglənib","https://turbo.az/autos/6743275-mercedes-cls-350"
"91","Mercedes C 180","1998, 1.8 L, 278 000 km","11 500 AZN","Bakı, bugün 21:51","ŞəhərBakıMarkaMercedesModelC 180Buraxılış ili1998Ban növüSedanRəngGöyMühərrik1.8 LMühərrikin gücü122 a.g.Yanacaq növüBenzinYürüş278 000 kmSürətlər qutusuAvtomatÖtürücüArxaYeniXeyrQiymət11 500 AZNHansı bazar üçün yığılıbRəsmi dilerYerlərin sayı5VəziyyətiVuruğu yoxdur, rənglənməyib","https://turbo.az/autos/6743272-mercedes-c-180"
"92","Mercedes C 280","1994, 2.8 L, 300 000 km","6 300 AZN","Gəncə, bugün 21:47","ŞəhərGəncəMarkaMercedesModelC 280Buraxılış ili1994Ban növüSedanRəngGümüşüMühərrik2.8 LMühərrikin gücü193 a.g.Yanacaq növüBenzinYürüş300 000 kmSürətlər qutusuAvtomatÖtürücüArxaYeniXeyrQiymət6 300 AZNBarter mümkündürYerlərin sayı5Sahiblər4 və daha çoxVəziyyətiVuruğu yoxdur, rənglənməyib","https://turbo.az/autos/6743270-mercedes-c-280"
"93","LADA (VAZ) 2106","2005, 1.6 L, 23 000 km","4 800 AZN","Sumqayıt, bugün 21:46","ŞəhərSumqayıtMarkaLADA (VAZ)Model2106Buraxılış ili2005Ban növüSedanRəngAğMühərrik1.6 LMühərrikin gücü75 a.g.Yanacaq növüBenzinYürüş23 000 kmSürətlər qutusuMexanikiÖtürücüArxaYeniXeyrQiymət4 800 AZNVəziyyətiVuruğu yoxdur, rənglənməyib","https://turbo.az/autos/6743264-lada-vaz-2106"
"94","Toyota RAV 4","2020, 2.5 L, 35 900 km","42 300 $","Bakı, bugün 21:45","ŞəhərBakıMarkaToyotaModelRAV 4Buraxılış ili2020Ban növüOffroader / SUVRəngBozMühərrik2.5 LMühərrikin gücü218 a.g.Yanacaq növüHibridYürüş35 900 kmSürətlər qutusuAvtomatÖtürücüÖnYeniXeyrQiymət42 300 $Yerlərin sayı5Sahiblər1VəziyyətiVuruğu yoxdur, rənglənməyib","https://turbo.az/autos/6743262-toyota-rav-4"
"95","Hyundai ix35","2010, 2.4 L, 143 000 km","25 000 AZN","Gəncə, bugün 21:46","ŞəhərGəncəMarkaHyundaiModelix35Buraxılış ili2010Ban növüOffroader / SUVRəngQaraMühərrik2.4 LMühərrikin gücü178 a.g.Yanacaq növüBenzinYürüş143 000 kmSürətlər qutusuAvtomatÖtürücüTamYeniXeyrQiymət25 000 AZNYerlərin sayı4Sahiblər2VəziyyətiVuruğu yoxdur, rənglənməyib","https://turbo.az/autos/6680024-hyundai-ix35"
"96","Mercedes E 300","2008, 3.0 L, 308 232 km","22 350 AZN","Bakı, bugün 21:45","ŞəhərBakıMarkaMercedesModelE 300Buraxılış ili2008Ban növüSedanRəngQaraMühərrik3.0 LMühərrikin gücü211 a.g.Yanacaq növüDizelYürüş308 232 kmSürətlər qutusuAvtomatÖtürücüArxaYeniXeyrQiymət22 350 AZNYerlərin sayı5VəziyyətiVuruğu yoxdur, rənglənməyib","https://turbo.az/autos/6743258-mercedes-e-300"
"97","LADA (VAZ) 2107","2007, 1.6 L, 55 000 km","7 000 AZN","Gəncə, bugün 21:50","ŞəhərGəncəMarkaLADA (VAZ)Model2107Buraxılış ili2007Ban növüSedanRəngAğMühərrik1.6 LMühərrikin gücü75 a.g.Yanacaq növüBenzinYürüş55 000 kmSürətlər qutusuMexanikiÖtürücüArxaYeniXeyrQiymət7 000 AZNYerlərin sayı5Sahiblər3VəziyyətiVuruğu yoxdur, rənglənməyib","https://turbo.az/autos/6701291-lada-vaz-2107"
"98","Nissan Juke","2016, 1.6 L, 41 200 km","27 000 AZN","Bakı, bugün 21:44","ŞəhərBakıMarkaNissanModelJukeBuraxılış ili2016Ban növüOffroader / SUVRəngAğMühərrik1.6 LMühərrikin gücü117 a.g.Yanacaq növüBenzinYürüş41 200 kmSürətlər qutusuAvtomatÖtürücüÖnYeniXeyrQiymət27 000 AZNBarter mümkündürHansı bazar üçün yığılıbRəsmi dilerYerlərin sayı5Sahiblər2VəziyyətiVuruğu yoxdur, rənglənib","https://turbo.az/autos/6637655-nissan-juke"
"99","BMW 530e","2020, 2.0 L, 16 500 km","86 500 $","Bakı, bugün 21:44","ŞəhərBakıMarkaBMWModel530eBuraxılış ili2020Ban növüSedanRəngQaraMühərrik2.0 LMühərrikin gücü184 a.g.Yanacaq növüPlug-in HibridYürüş16 500 kmSürətlər qutusuAvtomatÖtürücüTamYeniXeyrQiymət86 500 $Hansı bazar üçün yığılıbAvropaYerlərin sayı5Sahiblər1VəziyyətiVuruğu yoxdur, rənglənməyib","https://turbo.az/autos/6743179-bmw-530e"
"100","BMW 525","2004, 3.0 L, 392 000 km","19 000 AZN","Şəki, bugün 21:43","ŞəhərŞəkiMarkaBMWModel525Buraxılış ili2004Ban növüSedanRəngYaş AsfaltMühərrik3.0 LMühərrikin gücü272 a.g.Yanacaq növüBenzinYürüş392 000 kmSürətlər qutusuAvtomatÖtürücüArxaYeniXeyrQiymət19 000 AZNYerlərin sayı5Sahiblər2VəziyyətiVuruğu yoxdur, rənglənməyib","https://turbo.az/autos/6697409-bmw-525"
"101","Kia Optima","2015, 2.0 L, 94 405 km","25 000 AZN","Bakı, bugün 21:43","ŞəhərBakıMarkaKiaModelOptimaBuraxılış ili2015Ban növüSedanRəngAğMühərrik2.0 LMühərrikin gücü274 a.g.Yanacaq növüBenzinYürüş94 405 kmSürətlər qutusuAvtomatÖtürücüÖnYeniXeyrQiymət25 000 AZNYerlərin sayı5Sahiblər1VəziyyətiVuruğu yoxdur, rənglənməyib","https://turbo.az/autos/6743256-kia-optima"
"102","BMW 330","2003, 3.0 L, 444 444 km","18 500 AZN","Bakı, bugün 21:40","ŞəhərBakıMarkaBMWModel330Buraxılış ili2003Ban növüUniversalRəngGöyMühərrik3.0 LMühərrikin gücü204 a.g.Yanacaq növüDizelYürüş444 444 kmSürətlər qutusuMexanikiÖtürücüArxaYeniXeyrQiymət18 500 AZNBarter mümkündürVəziyyətiVuruğu yoxdur, rənglənməyib","https://turbo.az/autos/6603321-bmw-330"
"103","LADA (VAZ) Niva","2014, 1.7 L, 159 760 km","11 800 AZN","Bakı, bugün 22:06","ŞəhərBakıMarkaLADA (VAZ)ModelNivaBuraxılış ili2014Ban növüOffroader / SUVRəngGöyMühərrik1.7 LMühərrikin gücü80 a.g.Yanacaq növüBenzinYürüş159 760 kmSürətlər qutusuMexanikiÖtürücüTamYeniXeyrQiymət11 800 AZNBarter mümkündürSahiblər2VəziyyətiVuruğu yoxdur, rənglənməyib","https://turbo.az/autos/6723447-lada-vaz-niva"
"104","LADA (VAZ) 2106","2006, 1.6 L, 250 000 km","6 500 AZN","Bakı, bugün 21:40","ŞəhərBakıMarkaLADA (VAZ)Model2106Buraxılış ili2006Ban növüSedanRəngGöyMühərrik1.6 LMühərrikin gücü75 a.g.Yanacaq növüBenzinYürüş250 000 kmSürətlər qutusuMexanikiÖtürücüArxaYeniXeyrQiymət6 500 AZNHansı bazar üçün yığılıbRusiyaYerlərin sayı4Sahiblər2VəziyyətiVuruğu yoxdur, rənglənib","https://turbo.az/autos/6743252-lada-vaz-2106"
"105","Hyundai Sonata","2008, 2.4 L, 301 000 km","17 000 AZN","Bakı, bugün 21:39","ŞəhərBakıMarkaHyundaiModelSonataBuraxılış ili2008Ban növüSedanRəngAğMühərrik2.4 LMühərrikin gücü161 a.g.Yanacaq növüBenzinYürüş301 000 kmSürətlər qutusuAvtomatÖtürücüÖnYeniXeyrQiymət17 000 AZNHansı bazar üçün yığılıbKoreyaYerlərin sayı5VəziyyətiVuruğu yoxdur, rənglənib","https://turbo.az/autos/6743251-hyundai-sonata"
"106","Chevrolet Spark","2017, 1.0 L, 75 429 km","16 300 AZN","Bakı, bugün 21:39","ŞəhərBakıMarkaChevroletModelSparkBuraxılış ili2017Ban növüHetçbekRəngAğMühərrik1.0 LMühərrikin gücü68 a.g.Yanacaq növüBenzinYürüş75 429 kmSürətlər qutusuAvtomatÖtürücüÖnYeniXeyrQiymət16 300 AZNHansı bazar üçün yığılıbKoreyaYerlərin sayı4Sahiblər2VəziyyətiVuruğu yoxdur, rənglənməyib","https://turbo.az/autos/6665815-chevrolet-spark"
"107","Ford Fusion","2015, 1.5 L, 135 000 km","19 300 AZN","Bakı, bugün 21:39","ŞəhərBakıMarkaFordModelFusionBuraxılış ili2015Ban növüSedanRəngQaraMühərrik1.5 LMühərrikin gücü181 a.g.Yanacaq növüBenzinYürüş135 000 kmSürətlər qutusuAvtomatÖtürücüÖnYeniXeyrQiymət19 300 AZNYerlərin sayı5Sahiblər2VəziyyətiVuruğu yoxdur, rənglənməyib","https://turbo.az/autos/6739735-ford-fusion"
"108","GAZ 2705","2001, 2.4 L, 188 000 km","6 200 AZN","Sumqayıt, bugün 21:35","ŞəhərSumqayıtMarkaGAZModel2705Buraxılış ili2001Ban növüYük maşınıRəngBejMühərrik2.4 LMühərrikin gücü150 a.g.Yanacaq növüBenzinYürüş188 000 kmSürətlər qutusuMexanikiÖtürücüArxaYeniXeyrQiymət6 200 AZNYerlərin sayı3VəziyyətiVuruğu yoxdur, rənglənməyib","https://turbo.az/autos/6743239-gaz-2705"
"109","Chery Tiggo 8 Pro","2022, 1.6 L, 0 km","56 900 AZN","Bakı, bugün 16:25","ŞəhərBakıMarkaCheryModelTiggo 8 ProBuraxılış ili2022Ban növüOffroader / SUVRəngAğMühərrik1.6 LMühərrikin gücü197 a.g.Yanacaq növüBenzinYürüş0 kmSürətlər qutusuAvtomatÖtürücüÖnYeniBəliQiymət56 900 AZNBarter mümkündür","https://turbo.az/autos/6378525-chery-tiggo-8-pro"
"110","Haima 8S","2021, 1.6 L, 0 km","44 500 AZN","Bakı, bugün 14:56","ŞəhərBakıMarkaHaimaModel8SBuraxılış ili2021Ban növüOffroader / SUVRəngQırmızıMühərrik1.6 LMühərrikin gücü195 a.g.Yanacaq növüBenzinYürüş0 kmSürətlər qutusuAvtomatÖtürücüÖnYeniBəliQiymət44 500 AZNBarter mümkündür","https://turbo.az/autos/5751049-haima-8s"
"111","Chevrolet Malibu","2017, 1.5 L, 86 200 km","20 900 AZN","Bakı, 03.10.2022 08:14","ŞəhərBakıMarkaChevroletModelMalibuBuraxılış ili2017Ban növüSedanRəngYaş AsfaltMühərrik1.5 LMühərrikin gücü163 a.g.Yanacaq növüBenzinYürüş86 200 kmSürətlər qutusuAvtomatÖtürücüÖnYeniXeyrQiymət20 900 AZNBarter mümkündürHansı bazar üçün yığılıbAmerikaYerlərin sayı5Sahiblər2VəziyyətiVuruğu yoxdur, rənglənməyib","https://turbo.az/autos/6696300-chevrolet-malibu"
"112","Land Rover Defender","2021, 2.0 L, 15 000 km","109 500 $","Bakı, 14.10.2022 15:23","ŞəhərBakıMarkaLand RoverModelDefenderBuraxılış ili2021Ban növüOffroader / SUVRəngQaraMühərrik2.0 LMühərrikin gücü300 a.g.Yanacaq növüBenzinYürüş15 000 kmSürətlər qutusuAvtomatÖtürücüTamYeniXeyrQiymət109 500 $Hansı bazar üçün yığılıbRəsmi dilerVəziyyətiVuruğu yoxdur, rənglənməyib","https://turbo.az/autos/6688373-land-rover-defender"
"113","Mercedes E 220","2017, 2.2 L, 360 000 km","32 800 $","Bakı, bugün 20:48","ŞəhərBakıMarkaMercedesModelE 220Buraxılış ili2017Ban növüSedanRəngQaraMühərrik2.2 LMühərrikin gücü194 a.g.Yanacaq növüDizelYürüş360 000 kmSürətlər qutusuAvtomatÖtürücüArxaYeniXeyrQiymət32 800 $Yerlərin sayı5Sahiblər1VəziyyətiVuruğu yoxdur, rənglənməyib","https://turbo.az/autos/6656003-mercedes-e-220"
"114","Kia Cerato","2015, 1.6 L, 128 748 km","19 400 AZN","Bakı, 05.10.2022 01:22","ŞəhərBakıMarkaKiaModelCeratoBuraxılış ili2015Ban növüHetçbekRəngAğMühərrik1.6 LMühərrikin gücü204 a.g.Yanacaq növüBenzinYürüş128 748 kmSürətlər qutusuMexanikiÖtürücüÖnYeniXeyrQiymət19 400 AZNYerlərin sayı5Sahiblər2VəziyyətiVuruğu yoxdur, rənglənməyib","https://turbo.az/autos/6649083-kia-cerato"
"115","Hyundai Veloster","2020, 1.6 L, 43 000 km","26 500 $","Bakı, 12.10.2022 20:16","ŞəhərBakıMarkaHyundaiModelVelosterBuraxılış ili2020Ban növüHetçbekRəngBozMühərrik1.6 LMühərrikin gücü204 a.g.Yanacaq növüBenzinYürüş43 000 kmSürətlər qutusuAvtomatÖtürücüÖnYeniXeyrQiymət26 500 $Yerlərin sayı4Sahiblər1VəziyyətiVuruğu yoxdur, rənglənməyib","https://turbo.az/autos/6687571-hyundai-veloster"
"116","LADA (VAZ) 2115","2012, 1.6 L, 193 000 km","9 200 AZN","Balakən, 14.10.2022 18:54","ŞəhərBalakənMarkaLADA (VAZ)Model2115Buraxılış ili2012Ban növüSedanRəngQaraMühərrik1.6 LMühərrikin gücü80 a.g.Yanacaq növüBenzinYürüş193 000 kmSürətlər qutusuMexanikiÖtürücüÖnYeniXeyrQiymət9 200 AZNYerlərin sayı4Sahiblər1VəziyyətiVuruğu yoxdur, rənglənməyib","https://turbo.az/autos/6708353-lada-vaz-2115"
"117","BMW X6","2008, 3.0 L, 133 000 km","23 900 $","Bakı, bugün 12:25","ŞəhərBakıMarkaBMWModelX6Buraxılış ili2008Ban növüOffroader / SUVRəngAğMühərrik3.0 LMühərrikin gücü306 a.g.Yanacaq növüBenzinYürüş133 000 kmSürətlər qutusuAvtomatÖtürücüTamYeniXeyrQiymət23 900 $Yerlərin sayı5VəziyyətiVuruğu yoxdur, rənglənməyib","https://turbo.az/autos/6520575-bmw-x6"
"118","Audi Q5","2021, 2.0 L, 1 784 km","57 500 $","Bakı, 03.10.2022 22:32","ŞəhərBakıMarkaAudiModelQ5Buraxılış ili2021Ban növüOffroader / SUVRəngYaş AsfaltMühərrik2.0 LMühərrikin gücü245 a.g.Yanacaq növüBenzinYürüş1 784 kmSürətlər qutusuAvtomatÖtürücüTamYeniXeyrQiymət57 500 $Hansı bazar üçün yığılıbRəsmi dilerYerlərin sayı5Sahiblər1VəziyyətiVuruğu yoxdur, rənglənməyib","https://turbo.az/autos/6553634-audi-q5"
"119","Hyundai Santa Fe","2008, 2.0 L, 70 000 km","21 900 AZN","Bakı, bugün 14:45","ŞəhərBakıMarkaHyundaiModelSanta FeBuraxılış ili2008Ban növüOffroader / SUVRəngMaviMühərrik2.0 LMühərrikin gücü184 a.g.Yanacaq növüDizelYürüş70 000 kmSürətlər qutusuAvtomatÖtürücüÖnYeniXeyrQiymət21 900 AZNYerlərin sayı7Sahiblər1VəziyyətiVuruğu yoxdur, rənglənməyib","https://turbo.az/autos/6703408-hyundai-santa-fe"
"120","Audi Q5","2013, 2.0 L, 213 870 km","35 000 AZN","Bakı, 14.10.2022 15:46","ŞəhərBakıMarkaAudiModelQ5Buraxılış ili2013Ban növüOffroader / SUVRəngBozMühərrik2.0 LMühərrikin gücü190 a.g.Yanacaq növüDizelYürüş213 870 kmSürətlər qutusuMexanikiÖtürücüTamYeniXeyrQiymət35 000 AZNHansı bazar üçün yığılıbAvropaYerlərin sayı5Sahiblər1VəziyyətiVuruğu yoxdur, rənglənməyib","https://turbo.az/autos/6731556-audi-q5"
"121","Ford Fusion","2015, 1.5 L, 135 000 km","19 300 AZN","Bakı, bugün 21:39","ŞəhərBakıMarkaFordModelFusionBuraxılış ili2015Ban növüSedanRəngQaraMühərrik1.5 LMühərrikin gücü181 a.g.Yanacaq növüBenzinYürüş135 000 kmSürətlər qutusuAvtomatÖtürücüÖnYeniXeyrQiymət19 300 AZNYerlərin sayı5Sahiblər2VəziyyətiVuruğu yoxdur, rənglənməyib","https://turbo.az/autos/6739735-ford-fusion"
"122","GAZ 2705","2001, 2.4 L, 188 000 km","6 200 AZN","Sumqayıt, bugün 21:35","ŞəhərSumqayıtMarkaGAZModel2705Buraxılış ili2001Ban növüYük maşınıRəngBejMühərrik2.4 LMühərrikin gücü150 a.g.Yanacaq növüBenzinYürüş188 000 kmSürətlər qutusuMexanikiÖtürücüArxaYeniXeyrQiymət6 200 AZNYerlərin sayı3VəziyyətiVuruğu yoxdur, rənglənməyib","https://turbo.az/autos/6743239-gaz-2705"
"123","Mercedes E 260","1988, 2.6 L, 500 000 km","4 700 AZN","Sumqayıt, bugün 21:34","ŞəhərSumqayıtMarkaMercedesModelE 260Buraxılış ili1988Ban növüSedanRəngGöyMühərrik2.6 LMühərrikin gücü166 a.g.Yanacaq növüBenzinYürüş500 000 kmSürətlər qutusuAvtomatÖtürücüArxaYeniXeyrQiymət4 700 AZNYerlərin sayı4VəziyyətiVuruğu yoxdur, rənglənməyib","https://turbo.az/autos/6743236-mercedes-e-260"
"124","Mercedes C 220","1993, 2.2 L, 296 000 km","7 400 AZN","Masallı, bugün 21:34","ŞəhərMasallıMarkaMercedesModelC 220Buraxılış ili1993Ban növüSedanRəngAğMühərrik2.2 LMühərrikin gücü150 a.g.Yanacaq növüBenzinYürüş296 000 kmSürətlər qutusuAvtomatÖtürücüArxaYeniXeyrQiymət7 400 AZNHansı bazar üçün yığılıbDigərYerlərin sayı5Sahiblər4 və daha çoxVəziyyətiVuruğu yoxdur, rənglənməyib","https://turbo.az/autos/6743229-mercedes-c-220"
"125","Mercedes C 230","2000, 2.3 L, 219 604 km","13 500 AZN","Bərdə, bugün 21:33","ŞəhərBərdəMarkaMercedesModelC 230Buraxılış ili2000Ban növüSedanRəngAğMühərrik2.3 LMühərrikin gücü193 a.g.Yanacaq növüBenzinYürüş219 604 kmSürətlər qutusuAvtomatÖtürücüArxaYeniXeyrQiymət13 500 AZNYerlərin sayı5VəziyyətiVuruğu yoxdur, rənglənməyib","https://turbo.az/autos/6718788-mercedes-c-230"
"126","Kia Sorento","2003, 2.5 L, 380 824 km","14 900 AZN","Sumqayıt, bugün 21:33","ŞəhərSumqayıtMarkaKiaModelSorentoBuraxılış ili2003Ban növüOffroader / SUVRəngGümüşüMühərrik2.5 LMühərrikin gücü140 a.g.Yanacaq növüDizelYürüş380 824 kmSürətlər qutusuAvtomatÖtürücüTamYeniXeyrQiymət14 900 AZNYerlərin sayı5Sahiblər1VəziyyətiVuruğu yoxdur, rənglənməyib","https://turbo.az/autos/6743227-kia-sorento"
"127","Hyundai i30","2008, 1.6 L, 163 000 km","14 600 AZN","Bakı, bugün 21:32","ŞəhərBakıMarkaHyundaiModeli30Buraxılış ili2008Ban növüUniversalRəngBejMühərrik1.6 LMühərrikin gücü122 a.g.Yanacaq növüDizelYürüş163 000 kmSürətlər qutusuMexanikiÖtürücüTamYeniXeyrQiymət14 600 AZNKreditdədirHansı bazar üçün yığılıbAvropaYerlərin sayı5Sahiblər1VəziyyətiVuruğu yoxdur, rənglənib","https://turbo.az/autos/6743226-hyundai-i30"
"128","Volvo S 40","2000, 2.0 L, 365 321 km","6 400 AZN","Bakı, bugün 21:31","ŞəhərBakıMarkaVolvoModelS 40Buraxılış ili2000Ban növüSedanRəngGümüşüMühərrik2.0 LMühərrikin gücü163 a.g.Yanacaq növüBenzinYürüş365 321 kmSürətlər qutusuAvtomatÖtürücüÖnYeniXeyrQiymət6 400 AZNHansı bazar üçün yığılıbAmerikaYerlərin sayı5Sahiblər3VəziyyətiVuruğu var, rənglənib","https://turbo.az/autos/6743224-volvo-s-40"
"129","Toyota Vitz","2013, 1.3 L, 27 040 km","13 800 AZN","Bakı, bugün 21:31","ŞəhərBakıMarkaToyotaModelVitzBuraxılış ili2013Ban növüHetçbekRəngGümüşüMühərrik1.3 LMühərrikin gücü95 a.g.Yanacaq növüBenzinYürüş27 040 kmSürətlər qutusuAvtomatÖtürücüÖnYeniXeyrQiymət13 800 AZNHansı bazar üçün yığılıbYaponiyaYerlərin sayı5Sahiblər2VəziyyətiVuruğu yoxdur, rənglənməyib","https://turbo.az/autos/6736459-toyota-vitz"
"130","Mercedes 190","1985, 2.0 L, 150 000 km","5 650 AZN","Sumqayıt, bugün 21:30","ŞəhərSumqayıtMarkaMercedesModel190Buraxılış ili1985Ban növüSedanRəngBejMühərrik2.0 LMühərrikin gücü122 a.g.Yanacaq növüDizelYürüş150 000 kmSürətlər qutusuAvtomatÖtürücüArxaYeniXeyrQiymət5 650 AZNYerlərin sayı5VəziyyətiVuruğu yoxdur, rənglənməyib","https://turbo.az/autos/6743222-mercedes-190"
"131","LADA (VAZ) 2106","2001, 1.6 L, 200 000 km","5 200 AZN","Lənkəran, bugün 21:30","ŞəhərLənkəranMarkaLADA (VAZ)Model2106Buraxılış ili2001Ban növüSedanRəngAğMühərrik1.6 LMühərrikin gücü75 a.g.Yanacaq növüBenzinYürüş200 000 kmSürətlər qutusuMexanikiÖtürücüArxaYeniXeyrQiymət5 200 AZNBarter mümkündürHansı bazar üçün yığılıbDigərYerlərin sayı4Sahiblər2VəziyyətiVuruğu yoxdur, rənglənib","https://turbo.az/autos/6743220-lada-vaz-2106"
"132","Opel Astra","1998, 1.6 L, 558 690 km","7 800 AZN","Bakı, bugün 21:29","ŞəhərBakıMarkaOpelModelAstraBuraxılış ili1998Ban növüUniversalRəngGöyMühərrik1.6 LMühərrikin gücü75 a.g.Yanacaq növüBenzinYürüş558 690 kmSürətlər qutusuMexanikiÖtürücüÖnYeniXeyrQiymət7 800 AZNHansı bazar üçün yığılıbAvropaYerlərin sayı5Sahiblər1VəziyyətiVuruğu yoxdur, rənglənməyib","https://turbo.az/autos/6743216-opel-astra"
"133","Lexus LX 570","2016, 5.7 L, 60 000 km","99 000 $","Bakı, bugün 21:29","ŞəhərBakıMarkaLexusModelLX 570Buraxılış ili2016Ban növüOffroader / SUVRəngQaraMühərrik5.7 LMühərrikin gücü367 a.g.Yanacaq növüBenzinYürüş60 000 kmSürətlər qutusuAvtomatÖtürücüTamYeniXeyrQiymət99 000 $Hansı bazar üçün yığılıbAvropaYerlərin sayı7Sahiblər1VəziyyətiVuruğu yoxdur, rənglənməyib","https://turbo.az/autos/6743213-lexus-lx-570"
"134","Hyundai Sonata","2016, 2.0 L, 93 451 km","29 500 AZN","Bakı, bugün 21:28","ŞəhərBakıMarkaHyundaiModelSonataBuraxılış ili2016Ban növüSedanRəngAğMühərrik2.0 LMühərrikin gücü272 a.g.Yanacaq növüBenzinYürüş93 451 kmSürətlər qutusuAvtomatÖtürücüÖnYeniXeyrQiymət29 500 AZNHansı bazar üçün yığılıbAmerikaYerlərin sayı4Sahiblər1VəziyyətiVuruğu var, rənglənib","https://turbo.az/autos/6743212-hyundai-sonata"
"135","Hyundai Sonata","2012, 2.0 L, 123 500 km","19 000 AZN","Bakı, bugün 21:28","ŞəhərBakıMarkaHyundaiModelSonataBuraxılış ili2012Ban növüSedanRəngQaraMühərrik2.0 LMühərrikin gücü274 a.g.Yanacaq növüBenzinYürüş123 500 kmSürətlər qutusuAvtomatÖtürücüÖnYeniXeyrQiymət19 000 AZNHansı bazar üçün yığılıbAmerikaYerlərin sayı5Sahiblər2VəziyyətiVuruğu yoxdur, rənglənməyib","https://turbo.az/autos/6647267-hyundai-sonata"
"136","Mercedes E 220","2001, 2.2 L, 56 000 km","17 500 AZN","Bakı, bugün 21:28","ŞəhərBakıMarkaMercedesModelE 220Buraxılış ili2001Ban növüSedanRəngGümüşüMühərrik2.2 LMühərrikin gücü143 a.g.Yanacaq növüDizelYürüş56 000 kmSürətlər qutusuAvtomatÖtürücüArxaYeniXeyrQiymət17 500 AZNHansı bazar üçün yığılıbDigərYerlərin sayı5Sahiblər2VəziyyətiVuruğu yoxdur, rənglənib","https://turbo.az/autos/6743211-mercedes-e-220"
"137","Opel Vectra","1995, 2.0 L, 345 863 km","3 000 AZN","Qusar, bugün 21:26","ŞəhərQusarMarkaOpelModelVectraBuraxılış ili1995Ban növüSedanRəngAğMühərrik2.0 LMühərrikin gücü136 a.g.Yanacaq növüBenzinYürüş345 863 kmSürətlər qutusuMexanikiÖtürücüÖnYeniXeyrQiymət3 000 AZNBarter mümkündürHansı bazar üçün yığılıbDigərYerlərin sayı4VəziyyətiVuruğu yoxdur, rənglənməyib","https://turbo.az/autos/6743209-opel-vectra"
"138","Mercedes 190","1989, 2.0 L, 369 872 km","4 500 AZN","Bakı, bugün 21:26","ŞəhərBakıMarkaMercedesModel190Buraxılış ili1989Ban növüSedanRəngAğMühərrik2.0 LMühərrikin gücü122 a.g.Yanacaq növüBenzinYürüş369 872 kmSürətlər qutusuAvtomatÖtürücüArxaYeniXeyrQiymət4 500 AZNHansı bazar üçün yığılıbAvropaYerlərin sayı5Sahiblər2VəziyyətiVuruğu yoxdur, rənglənməyib","https://turbo.az/autos/6743208-mercedes-190"
"139","Toyota Vitz","2012, 1.3 L, 42 000 km","13 700 AZN","Bakı, bugün 21:25","ŞəhərBakıMarkaToyotaModelVitzBuraxılış ili2012Ban növüHetçbekRəngGümüşüMühərrik1.3 LMühərrikin gücü95 a.g.Yanacaq növüBenzinYürüş42 000 kmSürətlər qutusuAvtomatÖtürücüÖnYeniXeyrQiymət13 700 AZNYerlərin sayı5Sahiblər1VəziyyətiVuruğu yoxdur, rənglənməyib","https://turbo.az/autos/6721224-toyota-vitz"
"140","Mazda CX-9","2012, 3.7 L, 178 000 km","22 800 AZN","Bakı, bugün 21:25","ŞəhərBakıMarkaMazdaModelCX-9Buraxılış ili2012Ban növüOffroader / SUVRəngAğMühərrik3.7 LMühərrikin gücü273 a.g.Yanacaq növüBenzinYürüş178 000 kmSürətlər qutusuAvtomatÖtürücüTamYeniXeyrQiymət22 800 AZNHansı bazar üçün yığılıbAvropaYerlərin sayı7Sahiblər1VəziyyətiVuruğu yoxdur, rənglənməyib","https://turbo.az/autos/6694434-mazda-cx-9"
"141","Mercedes ML 430","2001, 4.3 L, 242 500 km","7 800 AZN","Bakı, bugün 21:24","ŞəhərBakıMarkaMercedesModelML 430Buraxılış ili2001Ban növüOffroader / SUVRəngYaşılMühərrik4.3 LMühərrikin gücü272 a.g.Yanacaq növüBenzinYürüş242 500 kmSürətlər qutusuAvtomatÖtürücüTamYeniXeyrQiymət7 800 AZNKreditdədirBarter mümkündürHansı bazar üçün yığılıbAvropaYerlərin sayı5VəziyyətiVuruğu yoxdur, rənglənməyib","https://turbo.az/autos/6743174-mercedes-ml-430"
"142","Hyundai i30","2010, 1.6 L, 167 444 km","15 400 AZN","Bakı, bugün 21:24","ŞəhərBakıMarkaHyundaiModeli30Buraxılış ili2010Ban növüUniversalRəngGümüşüMühərrik1.6 LMühərrikin gücü116 a.g.Yanacaq növüDizelYürüş167 444 kmSürətlər qutusuMexanikiÖtürücüÖnYeniXeyrQiymət15 400 AZNHansı bazar üçün yığılıbAvropaYerlərin sayı5Sahiblər1VəziyyətiVuruğu yoxdur, rənglənməyib","https://turbo.az/autos/6738316-hyundai-i30"
"143","Kia Picanto","2013, 1.3 L, 121 000 km","15 850 AZN","Bakı, bugün 21:24","ŞəhərBakıMarkaKiaModelPicantoBuraxılış ili2013Ban növüHetçbekRəngMaviMühərrik1.3 LMühərrikin gücü85 a.g.Yanacaq növüBenzinYürüş121 000 kmSürətlər qutusuAvtomatÖtürücüÖnYeniXeyrQiymət15 850 AZNBarter mümkündürYerlərin sayı5VəziyyətiVuruğu yoxdur, rənglənməyib","https://turbo.az/autos/6706039-kia-picanto"
"144","Chevrolet Lacetti","2006, 1.6 L, 375 000 km","8 900 AZN","Bakı, bugün 21:26","ŞəhərBakıMarkaChevroletModelLacettiBuraxılış ili2006Ban növüSedanRəngAğMühərrik1.6 LMühərrikin gücü109 a.g.Yanacaq növüBenzinYürüş375 000 kmSürətlər qutusuAvtomatÖtürücüÖnYeniXeyrQiymət8 900 AZNHansı bazar üçün yığılıbAvropaYerlərin sayı5Sahiblər2VəziyyətiVuruğu yoxdur, rənglənməyib","https://turbo.az/autos/6743204-chevrolet-lacetti"
"145","Nissan Juke","2014, 1.6 L, 90 000 km","23 500 AZN","Bakı, 23.09.2022 16:08","ŞəhərBakıMarkaNissanModelJukeBuraxılış ili2014Ban növüOffroader / SUVRəngAğMühərrik1.6 LMühərrikin gücü117 a.g.Yanacaq növüBenzinYürüş90 000 kmSürətlər qutusuAvtomatÖtürücüÖnYeniXeyrQiymət23 500 AZNBarter mümkündürHansı bazar üçün yığılıbAvropaYerlərin sayı5Sahiblər1VəziyyətiVuruğu yoxdur, rənglənməyib","https://turbo.az/autos/6662556-nissan-juke"
"146","Mercedes E 220","2008, 2.2 L, 316 419 km","25 900 AZN","Sumqayıt, bugün 16:50","ŞəhərSumqayıtMarkaMercedesModelE 220Buraxılış ili2008Ban növüSedanRəngQaraMühərrik2.2 LMühərrikin gücü270 a.g.Yanacaq növüDizelYürüş316 419 kmSürətlər qutusuAvtomatÖtürücüArxaYeniXeyrQiymət25 900 AZNBarter mümkündürHansı bazar üçün yığılıbAvropaYerlərin sayı5VəziyyətiVuruğu yoxdur, rənglənməyib","https://turbo.az/autos/6712086-mercedes-e-220"
"147","BMW X6 M","2020, 4.4 L, 15 000 km","172 000 $","Bakı, 03.10.2022 14:48","ŞəhərBakıMarkaBMWModelX6 MBuraxılış ili2020Ban növüOffroader / SUVRəngBozMühərrik4.4 LMühərrikin gücü625 a.g.Yanacaq növüBenzinYürüş15 000 kmSürətlər qutusuAvtomatÖtürücüTamYeniXeyrQiymət172 000 $Barter mümkündür","https://turbo.az/autos/5899216-bmw-x6-m"
"148","Jeep Wrangler","2022, 2.0 L, 0 km","73 000 $","Bakı, 12.10.2022 10:57","ŞəhərBakıMarkaJeepModelWranglerBuraxılış ili2022Ban növüOffroader / SUVRəngQaraMühərrik2.0 LMühərrikin gücü272 a.g.Yanacaq növüBenzinYürüş0 kmSürətlər qutusuAvtomatÖtürücüTamYeniBəliQiymət73 000 $Barter mümkündürHansı bazar üçün yığılıbRəsmi dilerYerlərin sayı4VəziyyətiVuruğu yoxdur, rənglənməyib","https://turbo.az/autos/6677949-jeep-wrangler"
"149","Mercedes Sprinter 316","2015, 2.2 L, 95 000 km","26 800 $","Bakı, dünən 17:57","ŞəhərBakıMarkaMercedesModelSprinter 316Buraxılış ili2015Ban növüFurqonRəngAğMühərrik2.2 LMühərrikin gücü125 a.g.Yanacaq növüDizelYürüş95 000 kmSürətlər qutusuAvtomatÖtürücüTamYeniXeyrQiymət26 800 $Hansı bazar üçün yığılıbAmerikaSahiblər1VəziyyətiVuruğu yoxdur, rənglənməyib","https://turbo.az/autos/6739589-mercedes-sprinter-316"
"150","BMW X5","2014, 3.0 L, 146 000 km","44 500 $","Bakı, bugün 04:08","ŞəhərBakıMarkaBMWModelX5Buraxılış ili2014Ban növüOffroader / SUVRəngGöyMühərrik3.0 LMühərrikin gücü313 a.g.Yanacaq növüDizelYürüş146 000 kmSürətlər qutusuAvtomatÖtürücüArxaYeniXeyrQiymət44 500 $Barter mümkündürHansı bazar üçün yığılıbAvropaYerlərin sayı5Sahiblər2VəziyyətiVuruğu yoxdur, rənglənməyib","https://turbo.az/autos/6667462-bmw-x5"
"151","Lexus RX 350","2014, 3.5 L, 155 566 km","33 000 $","Bakı, 04.10.2022 10:47","ŞəhərBakıMarkaLexusModelRX 350Buraxılış ili2014Ban növüOffroader / SUVRəngAğMühərrik3.5 LMühərrikin gücü277 a.g.Yanacaq növüBenzinYürüş155 566 kmSürətlər qutusuAvtomatÖtürücüTamYeniXeyrQiymət33 000 $Yerlərin sayı4Sahiblər2VəziyyətiVuruğu yoxdur, rənglənməyib","https://turbo.az/autos/6700822-lexus-rx-350"
"152","Chevrolet Cruze","2015, 1.4 L, 160 000 km","15 500 AZN","Bakı, dünən 11:36","ŞəhərBakıMarkaChevroletModelCruzeBuraxılış ili2015Ban növüSedanRəngBozMühərrik1.4 LMühərrikin gücü141 a.g.Yanacaq növüBenzinYürüş160 000 kmSürətlər qutusuAvtomatÖtürücüÖnYeniXeyrQiymət15 500 AZNKreditdədirYerlərin sayı4Sahiblər3VəziyyətiVuruğu yoxdur, rənglənməyib","https://turbo.az/autos/6635395-chevrolet-cruze"
"153","Nissan Altima","2019, 2.0 L, 40 000 km","28 000 $","Bakı, 14.10.2022 08:34","ŞəhərBakıMarkaNissanModelAltimaBuraxılış ili2019Ban növüSedanRəngYaş AsfaltMühərrik2.0 LMühərrikin gücü248 a.g.Yanacaq növüBenzinYürüş40 000 kmSürətlər qutusuAvtomatÖtürücüÖnYeniXeyrQiymət28 000 $Barter mümkündürHansı bazar üçün yığılıbAmerikaYerlərin sayı5Sahiblər1VəziyyətiVuruğu yoxdur, rənglənməyib","https://turbo.az/autos/6661623-nissan-altima"
"154","Volkswagen Passat","2008, 1.8 L, 114 000 km","10 700 AZN","Bakı, bugün 21:55","ŞəhərBakıMarkaVolkswagenModelPassatBuraxılış ili2008Ban növüSedanRəngQaraMühərrik1.8 LMühərrikin gücü160 a.g.Yanacaq növüBenzinYürüş114 000 kmSürətlər qutusuAvtomatÖtürücüÖnYeniXeyrQiymət10 700 AZNYerlərin sayı5Sahiblər1VəziyyətiVuruğu yoxdur, rənglənməyib","https://turbo.az/autos/6715430-volkswagen-passat"
"155","Toyota Land Cruiser","2020, 4.0 L, 23 000 km","76 500 $","Bakı, 13.10.2022 14:16","ŞəhərBakıMarkaToyotaModelLand CruiserBuraxılış ili2020Ban növüOffroader / SUVRəngAğMühərrik4.0 LMühərrikin gücü282 a.g.Yanacaq növüBenzinYürüş23 000 kmSürətlər qutusuAvtomatÖtürücüTamYeniXeyrQiymət76 500 $Hansı bazar üçün yığılıbRəsmi dilerYerlərin sayı7Sahiblər1VəziyyətiVuruğu yoxdur, rənglənməyib","https://turbo.az/autos/6680897-toyota-land-cruiser"
"156","Chevrolet Cruze","2018, 1.4 L, 155 000 km","16 700 AZN","Bakı, bugün 14:14","ŞəhərBakıMarkaChevroletModelCruzeBuraxılış ili2018Ban növüSedanRəngAğMühərrik1.4 LMühərrikin gücü153 a.g.Yanacaq növüBenzinYürüş155 000 kmSürətlər qutusuAvtomatÖtürücüArxaYeniXeyrQiymət16 700 AZNYerlərin sayı5Sahiblər3VəziyyətiVuruğu yoxdur, rənglənib","https://turbo.az/autos/6470645-chevrolet-cruze"
"157","LADA (VAZ) 2115","2012, 1.6 L, 116 000 km","9 800 AZN","Ağdaş, bugün 21:22","ŞəhərAğdaşMarkaLADA (VAZ)Model2115Buraxılış ili2012Ban növüSedanRəngAğMühərrik1.6 LMühərrikin gücü75 a.g.Yanacaq növüBenzinYürüş116 000 kmSürətlər qutusuMexanikiÖtürücüÖnYeniXeyrQiymət9 800 AZNBarter mümkündürYerlərin sayı4Sahiblər2VəziyyətiVuruğu yoxdur, rənglənib","https://turbo.az/autos/6711420-lada-vaz-2115"
"158","Hyundai Elantra","2013, 1.8 L, 112 000 km","20 700 AZN","Bakı, bugün 21:22","ŞəhərBakıMarkaHyundaiModelElantraBuraxılış ili2013Ban növüSedanRəngTünd qırmızıMühərrik1.8 LMühərrikin gücü150 a.g.Yanacaq növüBenzinYürüş112 000 kmSürətlər qutusuAvtomatÖtürücüÖnYeniXeyrQiymət20 700 AZNHansı bazar üçün yığılıbAmerikaYerlərin sayı5Sahiblər1VəziyyətiVuruğu yoxdur, rənglənməyib","https://turbo.az/autos/6743176-hyundai-elantra"
"159","Mercedes E 240","1999, 2.4 L, 431 000 km","13 700 AZN","Bakı, bugün 21:22","ŞəhərBakıMarkaMercedesModelE 240Buraxılış ili1999Ban növüSedanRəngGümüşüMühərrik2.4 LMühərrikin gücü170 a.g.Yanacaq növüBenzinYürüş431 000 kmSürətlər qutusuAvtomatÖtürücüArxaYeniXeyrQiymət13 700 AZNBarter mümkündürHansı bazar üçün yığılıbAvropaYerlərin sayı4VəziyyətiVuruğu yoxdur, rənglənib","https://turbo.az/autos/6743201-mercedes-e-240"
"160","BMW M6","2014, 4.4 L, 64 000 km","55 000 $","Bakı, bugün 21:21","ŞəhərBakıMarkaBMWModelM6Buraxılış ili2014Ban növüSedanRəngAğMühərrik4.4 LMühərrikin gücü560 a.g.Yanacaq növüBenzinYürüş64 000 kmSürətlər qutusuAvtomatÖtürücüTamYeniXeyrQiymət55 000 $Hansı bazar üçün yığılıbRəsmi dilerYerlərin sayı4Sahiblər1VəziyyətiVuruğu yoxdur, rənglənməyib","https://turbo.az/autos/6743200-bmw-m6"
"161","LADA (VAZ) 2106","2002, 1.5 L, 125 486 km","5 600 AZN","Biləsuvar, bugün 21:20","ŞəhərBiləsuvarMarkaLADA (VAZ)Model2106Buraxılış ili2002Ban növüSedanRəngGümüşüMühərrik1.5 LMühərrikin gücü65 a.g.Yanacaq növüBenzinYürüş125 486 kmSürətlər qutusuMexanikiÖtürücüArxaYeniXeyrQiymət5 600 AZNBarter mümkündürYerlərin sayı4Sahiblər1VəziyyətiVuruğu yoxdur, rənglənib","https://turbo.az/autos/6743197-lada-vaz-2106"
"162","GAZ Next A65R52","2019, 2.8 L, 88 300 km","34 500 AZN","Bakı, bugün 21:20","ŞəhərBakıMarkaGAZModelNext A65R52Buraxılış ili2019Ban növüMikroavtobusRəngAğMühərrik2.8 LMühərrikin gücü149 a.g.Yanacaq növüDizelYürüş88 300 kmSürətlər qutusuMexanikiÖtürücüArxaYeniXeyrQiymət34 500 AZNHansı bazar üçün yığılıbRusiyaSahiblər1VəziyyətiVuruğu yoxdur, rənglənməyib","https://turbo.az/autos/6743190-gaz-next-a65r52"
"163","MAZ 5337","1990, 11 L, 200 000 km","8 000 AZN","Qusar, bugün 21:19","ŞəhərQusarMarkaMAZModel5337Buraxılış ili1990Ban növüYük maşınıRəngMaviMühərrik11 LMühərrikin gücü180 a.g.Yanacaq növüDizelYürüş200 000 kmSürətlər qutusuMexanikiÖtürücüArxaYeniXeyrQiymət8 000 AZNHansı bazar üçün yığılıbDigərYerlərin sayı2Sahiblər2VəziyyətiVuruğu yoxdur, rənglənməyib","https://turbo.az/autos/6743188-maz-5337"
"164","Chevrolet Cruze","2018, 1.4 L, 120 000 km","17 200 AZN","Bakı, bugün 21:18","ŞəhərBakıMarkaChevroletModelCruzeBuraxılış ili2018Ban növüSedanRəngQaraMühərrik1.4 LMühərrikin gücü153 a.g.Yanacaq növüBenzinYürüş120 000 kmSürətlər qutusuAvtomatÖtürücüÖnYeniXeyrQiymət17 200 AZNBarter mümkündürHansı bazar üçün yığılıbAmerikaYerlərin sayı4Sahiblər1VəziyyətiVuruğu yoxdur, rənglənməyib","https://turbo.az/autos/6658466-chevrolet-cruze"
"165","Hyundai Sonata","2007, 2.0 L, 183 000 km","16 900 AZN","Bakı, bugün 21:18","ŞəhərBakıMarkaHyundaiModelSonataBuraxılış ili2007Ban növüSedanRəngQaraMühərrik2.0 LMühərrikin gücü165 a.g.Yanacaq növüBenzinYürüş183 000 kmSürətlər qutusuAvtomatÖtürücüÖnYeniXeyrQiymət16 900 AZNHansı bazar üçün yığılıbAvropaYerlərin sayı5Sahiblər2VəziyyətiVuruğu yoxdur, rənglənməyib","https://turbo.az/autos/6743186-hyundai-sonata"
"166","Mercedes E 350","2008, 3.5 L, 243 000 km","24 500 AZN","Bakı, bugün 22:07","ŞəhərBakıMarkaMercedesModelE 350Buraxılış ili2008Ban növüSedanRəngAğMühərrik3.5 LMühərrikin gücü272 a.g.Yanacaq növüBenzinYürüş243 000 kmSürətlər qutusuAvtomatÖtürücüArxaYeniXeyrQiymət24 500 AZNHansı bazar üçün yığılıbAmerikaYerlərin sayı5VəziyyətiVuruğu yoxdur, rənglənməyib","https://turbo.az/autos/6743184-mercedes-e-350"
"167","Hyundai Santa Fe","2013, 2.0 L, 115 000 km","33 800 AZN","Bakı, bugün 21:17","ŞəhərBakıMarkaHyundaiModelSanta FeBuraxılış ili2013Ban növüOffroader / SUVRəngAğMühərrik2.0 LMühərrikin gücü265 a.g.Yanacaq növüBenzinYürüş115 000 kmSürətlər qutusuAvtomatÖtürücüÖnYeniXeyrQiymət33 800 AZNHansı bazar üçün yığılıbAmerikaYerlərin sayı5VəziyyətiVuruğu yoxdur, rənglənməyib","https://turbo.az/autos/6743180-hyundai-santa-fe"
"168","Kia Carnival","2015, 2.2 L, 186 000 km","45 000 AZN","Bakı, bugün 21:16","ŞəhərBakıMarkaKiaModelCarnivalBuraxılış ili2015Ban növüMinivanRəngQaraMühərrik2.2 LMühərrikin gücü202 a.g.Yanacaq növüDizelYürüş186 000 kmSürətlər qutusuAvtomatÖtürücüÖnYeniXeyrQiymət45 000 AZNYerlərin sayı7VəziyyətiVuruğu yoxdur, rənglənməyib","https://turbo.az/autos/6562922-kia-carnival"
"169","Mitsubishi Grandis","2007, 2.4 L, 560 150 km","9 300 AZN","Bakı, bugün 21:17","ŞəhərBakıMarkaMitsubishiModelGrandisBuraxılış ili2007Ban növüMinivanRəngGümüşüMühərrik2.4 LMühərrikin gücü165 a.g.Yanacaq növüBenzinYürüş560 150 kmSürətlər qutusuAvtomatÖtürücüÖnYeniXeyrQiymət9 300 AZN","https://turbo.az/autos/6401497-mitsubishi-grandis"
"170","Chevrolet Cruze","2012, 1.4 L, 145 000 km","13 600 AZN","Bakı, bugün 21:16","ŞəhərBakıMarkaChevroletModelCruzeBuraxılış ili2012Ban növüSedanRəngAğMühərrik1.4 LMühərrikin gücü141 a.g.Yanacaq növüBenzinYürüş145 000 kmSürətlər qutusuAvtomatÖtürücüÖnYeniXeyrQiymət13 600 AZNBarter mümkündürHansı bazar üçün yığılıbAmerikaYerlərin sayı5Sahiblər2VəziyyətiVuruğu yoxdur, rənglənib","https://turbo.az/autos/6701461-chevrolet-cruze"
"171","Hyundai Sonata","2014, 2.0 L, 93 000 km","27 300 AZN","Bakı, bugün 21:15","ŞəhərBakıMarkaHyundaiModelSonataBuraxılış ili2014Ban növüSedanRəngQaraMühərrik2.0 LMühərrikin gücü274 a.g.Yanacaq növüBenzinYürüş93 000 kmSürətlər qutusuAvtomatÖtürücüÖnYeniXeyrQiymət27 300 AZNKreditdədirHansı bazar üçün yığılıbAmerikaVəziyyətiVuruğu yoxdur, rənglənməyib","https://turbo.az/autos/6724902-hyundai-sonata"
"172","Opel Astra","2009, 1.4 L, 130 000 km","12 800 AZN","Bakı, bugün 21:13","ŞəhərBakıMarkaOpelModelAstraBuraxılış ili2009Ban növüHetçbekRəngQaraMühərrik1.4 LMühərrikin gücü90 a.g.Yanacaq növüBenzinYürüş130 000 kmSürətlər qutusuMexanikiÖtürücüÖnYeniXeyrQiymət12 800 AZNHansı bazar üçün yığılıbAvropaYerlərin sayı5VəziyyətiVuruğu yoxdur, rənglənməyib","https://turbo.az/autos/6743175-opel-astra"
"173","LADA (VAZ) 2107","2007, 1.6 L, 122 000 km","7 000 AZN","Astara, bugün 21:13","ŞəhərAstaraMarkaLADA (VAZ)Model2107Buraxılış ili2007Ban növüSedanRəngAğMühərrik1.6 LMühərrikin gücü75 a.g.Yanacaq növüBenzinYürüş122 000 kmSürətlər qutusuMexanikiÖtürücüArxaYeniXeyrQiymət7 000 AZNHansı bazar üçün yığılıbDigərVəziyyətiVuruğu yoxdur, rənglənməyib","https://turbo.az/autos/6743169-lada-vaz-2107"
"174","Mercedes C 220","1998, 2.2 L, 347 000 km","12 800 AZN","Bakı, bugün 21:12","ŞəhərBakıMarkaMercedesModelC 220Buraxılış ili1998Ban növüSedanRəngGöyMühərrik2.2 LMühərrikin gücü125 a.g.Yanacaq növüDizelYürüş347 000 kmSürətlər qutusuAvtomatÖtürücüArxaYeniXeyrQiymət12 800 AZNHansı bazar üçün yığılıbRəsmi dilerYerlərin sayı5Sahiblər2VəziyyətiVuruğu yoxdur, rənglənib","https://turbo.az/autos/6743165-mercedes-c-220"
"175","BMW M6","2013, 4.4 L, 100 950 km","61 500 $","Bakı, bugün 21:12","ŞəhərBakıMarkaBMWModelM6Buraxılış ili2013Ban növüSedanRəngYaş AsfaltMühərrik4.4 LMühərrikin gücü600 a.g.Yanacaq növüBenzinYürüş100 950 kmSürətlər qutusuAvtomatÖtürücüTamYeniXeyrQiymət61 500 $Hansı bazar üçün yığılıbAvropaYerlərin sayı4VəziyyətiVuruğu yoxdur, rənglənməyib","https://turbo.az/autos/6741864-bmw-m6"
"176","DongFeng Fengshen S30","2015, 1.6 L, 258 500 km","8 200 AZN","Bakı, bugün 21:12","ŞəhərBakıMarkaDongFengModelFengshen S30Buraxılış ili2015Ban növüSedanRəngAğMühərrik1.6 LMühərrikin gücü117 a.g.Yanacaq növüBenzinYürüş258 500 kmSürətlər qutusuMexanikiÖtürücüÖnYeniXeyrQiymət8 200 AZNYerlərin sayı5Sahiblər1VəziyyətiVuruğu yoxdur, rənglənməyib","https://turbo.az/autos/6743163-dongfeng-fengshen-s30"
"177","Kia Rio","2009, 1.6 L, 178 000 km","13 500 AZN","Bakı, bugün 21:10","ŞəhərBakıMarkaKiaModelRioBuraxılış ili2009Ban növüSedanRəngNarıncıMühərrik1.6 LMühərrikin gücü112 a.g.Yanacaq növüBenzinYürüş178 000 kmSürətlər qutusuAvtomatÖtürücüÖnYeniXeyrQiymət13 500 AZNHansı bazar üçün yığılıbAmerikaYerlərin sayı4Sahiblər2VəziyyətiVuruğu yoxdur, rənglənməyib","https://turbo.az/autos/6743156-kia-rio"
"178","Hyundai i30","2007, 1.6 L, 181 000 km","14 200 AZN","Bakı, bugün 21:09","ŞəhərBakıMarkaHyundaiModeli30Buraxılış ili2007Ban növüHetçbekRəngQaraMühərrik1.6 LMühərrikin gücü116 a.g.Yanacaq növüDizelYürüş181 000 kmSürətlər qutusuMexanikiÖtürücüÖnYeniXeyrQiymət14 200 AZNBarter mümkündürHansı bazar üçün yığılıbDigərYerlərin sayı5Sahiblər2VəziyyətiVuruğu yoxdur, rənglənməyib","https://turbo.az/autos/6743153-hyundai-i30"
"179","Ford Transit","1999, 2.5 L, 223 450 km","16 700 AZN","Gəncə, bugün 21:08","ŞəhərGəncəMarkaFordModelTransitBuraxılış ili1999Ban növüFurqonRəngSarıMühərrik2.5 LMühərrikin gücü76 a.g.Yanacaq növüDizelYürüş223 450 kmSürətlər qutusuMexanikiÖtürücüArxaYeniXeyrQiymət16 700 AZNYerlərin sayı3Sahiblər2VəziyyətiVuruğu yoxdur, rənglənib","https://turbo.az/autos/6694153-ford-transit"
"180","Mercedes E 220","2000, 2.2 L, 259 000 km","16 900 AZN","Xudat, bugün 21:06","ŞəhərXudatMarkaMercedesModelE 220Buraxılış ili2000Ban növüSedanRəngGöyMühərrik2.2 LMühərrikin gücü143 a.g.Yanacaq növüDizelYürüş259 000 kmSürətlər qutusuAvtomatÖtürücüArxaYeniXeyrQiymət16 900 AZNYerlərin sayı5VəziyyətiVuruğu yoxdur, rənglənib","https://turbo.az/autos/6725387-mercedes-e-220"
